ApplicantID,Age,AnnualIncome,EmploymentType,CreditScore,LoanAmount,LoanTermMonths,NumExistingLoans,HomeOwnership,MaritalStatus,LoanPurpose,DebtToIncomeRatio,LoanDefault
LN5000,59,93421.64,Salaried,642.0,12767.96,60,0,Mortgage,Single,Business,0.125,0
LN5001,49,43014.82,Salaried,793.0,24356.64,24,1,Rent,Single,Education,0.494,0
LN5002,35,52065.09,Salaried,687.0,15275.13,48,1,Mortgage,Married,Medical,0.327,0
LN5003,63,29309.38,Self-Employed,563.0,24102.94,48,0,Mortgage,Divorced,Medical,0.843,1
LN5004,28,25873.87,Business Owner,662.0,24846.35,12,2,Mortgage,Married,Medical,0.849,0
LN5005,41,21549.97,Business Owner,639.0,19057.62,48,3,Mortgage,Married,Debt Consolidation,0.852,1
LN5006,59,31489.78,Salaried,552.0,7055.79,48,2,Rent,Single,Other,0.213,1
LN5007,39,106540.55,Salaried,682.0,36194.28,12,3,Own,Married,Medical,0.29,0
LN5008,43,22553.3,Salaried,652.0,31176.77,12,3,Mortgage,Married,Home Improvement,1.48,1
LN5009,31,42118.06,Salaried,700.0,13878.89,12,0,Rent,Married,Business,0.389,0
LN5010,31,25678.96,Salaried,667.0,5830.97,24,2,Rent,Single,Other,0.247,1
LN5011,44,36297.82,Self-Employed,591.0,5238.03,36,0,Rent,Divorced,Education,0.175,0
LN5012,56,53361.61,Salaried,719.0,15562.03,36,2,Mortgage,Married,Business,0.252,1
LN5013,60,34542.37,Salaried,594.0,8768.75,24,1,Rent,Married,Home Improvement,0.258,0
LN5014,44,84527.52,Salaried,646.0,4768.02,60,1,Mortgage,Single,Home Improvement,0.062,1
LN5015,23,105555.17,Self-Employed,662.0,5179.07,24,0,Mortgage,Single,Other,0.056,0
LN5016,42,15921.92,Salaried,600.0,10077.0,12,2,Rent,Divorced,Business,0.726,1
LN5017,22,34839.39,Self-Employed,684.0,15017.29,24,0,Rent,Single,Debt Consolidation,0.502,0
LN5018,44,50492.04,Salaried,830.0,31052.29,36,1,Rent,Married,Home Improvement,0.692,0
LN5019,64,86082.25,Business Owner,832.0,17863.82,36,0,Own,Married,Medical,0.176,0
LN5020,50,39060.92,Business Owner,635.0,10627.04,24,1,Rent,Married,Education,0.312,0
LN5021,58,48534.6,Salaried,576.0,16780.45,12,3,Rent,Single,Education,0.402,0
LN5022,22,27491.38,Salaried,703.0,15904.23,48,2,Mortgage,Single,Home Improvement,0.75,0
LN5023,41,22779.18,Salaried,617.0,20821.2,60,0,Mortgage,Divorced,Medical,1.048,1
LN5024,53,100981.47,Salaried,685.0,13043.36,24,1,Rent,Married,Business,0.148,0
LN5025,32,19691.95,Self-Employed,591.0,24877.49,24,1,Mortgage,Single,Education,1.336,1
LN5026,42,157048.43,Business Owner,673.0,21909.4,36,1,Rent,Single,Medical,0.172,0
LN5027,64,70444.17,Self-Employed,577.0,14039.36,48,2,Mortgage,Divorced,Medical,0.259,0
LN5028,45,68870.73,Business Owner,757.0,12437.43,24,1,Rent,Single,Debt Consolidation,0.215,0
LN5029,47,65364.48,Salaried,597.0,23198.64,60,0,Rent,Married,Home Improvement,0.393,0
LN5030,62,43202.65,Salaried,709.0,8707.29,36,1,Mortgage,Married,Medical,0.169,0
LN5031,48,59637.64,Self-Employed,536.0,5410.15,36,0,Rent,Divorced,Business,0.106,1
LN5032,36,44602.79,Salaried,720.0,5391.73,36,0,Mortgage,Married,Education,0.14,0
LN5033,35,64636.64,Self-Employed,563.0,8284.78,60,2,Mortgage,Married,Debt Consolidation,0.152,0
LN5034,64,48202.05,Salaried,674.0,19846.67,48,1,Own,Single,Business,0.355,0
LN5035,23,30480.0,Salaried,742.0,10366.35,12,1,Mortgage,Divorced,Education,0.383,0
LN5036,57,31720.35,Unemployed,632.0,15103.92,24,3,Rent,Married,Home Improvement,0.451,0
LN5037,27,29967.35,Salaried,557.0,9925.1,36,1,Rent,Divorced,Business,0.391,0
LN5038,41,79654.23,Unemployed,695.0,9972.49,24,1,Mortgage,Married,Education,0.115,0
LN5039,29,36000.09,Unemployed,574.0,7220.81,48,1,Mortgage,Married,Debt Consolidation,0.229,1
LN5040,59,18843.97,Business Owner,614.0,12643.05,48,0,Own,Single,Education,0.636,0
LN5041,38,59779.58,Self-Employed,674.0,12026.91,48,3,Rent,Married,Medical,0.162,0
LN5042,24,104533.07,Self-Employed,772.0,17113.09,60,1,Rent,Single,Debt Consolidation,0.183,0
LN5043,45,72152.82,Business Owner,652.0,15876.87,24,0,Rent,Single,Business,0.188,0
LN5044,34,36255.2,Salaried,652.0,11869.31,48,0,Rent,Single,Other,0.37,0
LN5045,29,22172.19,Salaried,716.0,5411.85,48,1,Mortgage,Single,Home Improvement,0.308,0
LN5046,46,45837.87,Self-Employed,655.0,25396.02,24,0,Own,Single,Debt Consolidation,0.712,0
LN5047,22,45269.47,Salaried,707.0,12695.13,48,0,Rent,Single,Debt Consolidation,0.257,0
LN5048,40,30194.05,Salaried,747.0,14013.63,12,0,Rent,Divorced,Debt Consolidation,0.559,0
LN5049,48,64570.87,Salaried,621.0,34901.92,48,1,Rent,Single,Education,0.528,1
LN5050,27,123415.66,Self-Employed,355.0,23038.76,36,2,Rent,Married,Medical,0.233,0
LN5051,64,54783.34,Business Owner,576.0,17463.52,24,0,Rent,Single,Other,0.381,0
LN5052,28,53116.25,Salaried,759.0,13341.26,36,1,Rent,Married,Home Improvement,0.21,0
LN5053,55,30680.61,Unemployed,647.0,13266.7,36,1,Rent,Married,Home Improvement,0.434,0
LN5054,34,98588.25,Self-Employed,619.0,15430.0,24,2,Rent,Divorced,Medical,0.152,0
LN5055,37,47213.16,Business Owner,755.0,17054.07,12,1,Mortgage,Married,Education,0.431,0
LN5056,56,36699.5,Self-Employed,641.0,37303.45,36,1,Own,Married,Education,1.022,0
LN5057,60,50606.95,Business Owner,462.0,58921.4,36,2,Mortgage,Married,Medical,1.33,1
LN5058,24,62067.68,Salaried,515.0,15901.31,48,0,Rent,Single,Medical,0.282,0
LN5059,22,52554.59,Business Owner,688.0,3670.32,60,1,Own,Married,Business,0.09,0
LN5060,26,89596.96,Salaried,644.0,7547.36,36,0,Own,Single,Education,0.107,0
LN5061,62,59396.21,Business Owner,781.0,39612.43,48,0,Own,Single,Debt Consolidation,0.676,0
LN5062,24,42532.73,Unemployed,584.0,20561.83,36,0,Rent,Single,Home Improvement,0.562,0
LN5063,49,59909.84,Salaried,622.0,17251.04,48,2,Mortgage,Married,Education,0.35,1
LN5064,38,62932.53,Salaried,570.0,12087.14,24,4,Mortgage,Married,Medical,0.24,0
LN5065,46,25637.52,Business Owner,603.0,6545.85,24,0,Own,Married,Debt Consolidation,0.213,0
LN5066,64,87091.09,Salaried,480.0,36558.68,36,2,Rent,Married,Business,0.399,1
LN5067,54,42173.53,Business Owner,615.0,8152.45,12,2,Mortgage,Single,Other,0.186,0
LN5068,30,42716.41,Salaried,645.0,20693.75,48,0,Mortgage,Married,Business,0.493,0
LN5069,56,71373.93,Salaried,638.0,6121.6,48,0,Rent,Married,Debt Consolidation,0.076,0
LN5070,34,71223.82,Unemployed,843.0,11740.4,24,1,Mortgage,Divorced,Debt Consolidation,0.173,0
LN5071,51,34530.01,Self-Employed,815.0,24240.36,36,3,Mortgage,Married,Medical,0.794,0
LN5072,35,73236.62,Business Owner,582.0,11500.93,48,1,Rent,Married,Other,0.165,0
LN5073,28,37040.82,Salaried,466.0,10709.97,48,2,Mortgage,Married,Medical,0.328,1
LN5074,34,121757.49,Self-Employed,641.0,13445.26,24,0,Rent,Single,Home Improvement,0.092,0
LN5075,43,32399.65,Self-Employed,684.0,5993.3,24,1,Own,Single,Other,0.229,0
LN5076,60,55256.36,Self-Employed,573.0,5353.53,36,1,Own,Single,Other,0.123,0
LN5077,41,33156.4,Self-Employed,577.0,20507.42,36,2,Rent,Single,Home Improvement,0.686,1
LN5078,36,148947.3,Self-Employed,792.0,10370.02,24,3,Rent,Married,Business,0.086,0
LN5079,38,26399.21,Salaried,627.0,20412.26,24,1,Own,Divorced,Debt Consolidation,0.669,0
LN5080,44,63715.39,Salaried,710.0,26131.84,48,1,Own,Married,Business,0.492,0
LN5081,46,33946.63,Business Owner,566.0,27424.32,36,0,Rent,Married,Medical,0.694,0
LN5082,45,41066.43,Salaried,645.0,5051.27,60,0,Rent,Married,Education,0.123,0
LN5083,61,61498.55,Self-Employed,620.0,8789.41,48,0,Mortgage,Single,Medical,0.137,0
LN5084,49,90426.46,Salaried,589.0,18445.05,60,2,Rent,Single,Education,0.223,0
LN5085,35,110381.55,Self-Employed,754.0,18616.45,24,2,Own,Married,Debt Consolidation,0.16,0
LN5086,21,22731.93,Self-Employed,525.0,51516.76,48,3,Mortgage,Married,Debt Consolidation,1.48,1
LN5087,45,56043.06,Salaried,677.0,7749.87,12,0,Own,Divorced,Other,0.136,0
LN5088,27,101696.36,Salaried,618.0,26927.44,36,0,Mortgage,Single,Debt Consolidation,0.326,0
LN5089,29,21106.67,Salaried,687.0,16703.35,36,3,Own,Divorced,Home Improvement,0.884,0
LN5090,44,57365.12,Self-Employed,619.0,4993.33,24,0,Mortgage,Single,Home Improvement,0.079,0
LN5091,21,48969.75,Business Owner,728.0,9617.22,48,1,Mortgage,Married,Education,0.19,0
LN5092,64,60311.07,Salaried,565.0,15638.9,48,2,Mortgage,Married,Business,0.317,1
LN5093,28,33317.83,Self-Employed,754.0,4804.84,12,0,Own,Single,Other,0.143,0
LN5094,44,23913.31,Salaried,647.0,3849.34,36,0,Mortgage,Single,Business,0.172,1
LN5095,31,18834.52,Salaried,530.0,4643.64,24,0,Rent,Single,Education,0.277,0
LN5096,37,79872.91,Unemployed,711.0,15607.08,36,0,Mortgage,Single,Home Improvement,0.19,0
LN5097,28,85137.64,Salaried,632.0,9988.6,48,1,Rent,Married,Medical,0.111,0
LN5098,55,57030.57,Salaried,496.0,9209.83,24,0,Mortgage,Single,Other,0.168,0
LN5099,55,37531.12,Salaried,680.0,9401.52,60,1,Mortgage,Married,Education,0.227,0
LN5100,53,21774.11,Salaried,741.0,5684.66,24,2,Mortgage,Single,Business,0.246,1
LN5101,25,64969.47,Salaried,765.0,10159.43,36,1,Rent,Married,Education,0.13,0
LN5102,62,28271.52,Salaried,616.0,4481.72,36,3,Own,Married,Education,0.151,0
LN5103,59,34349.77,Self-Employed,663.0,27243.89,24,1,Own,Married,Debt Consolidation,0.762,0
LN5104,61,36560.29,Salaried,655.0,36879.01,24,2,Rent,Married,Home Improvement,1.292,0
LN5105,48,44410.55,Salaried,784.0,3308.87,48,2,Rent,Single,Other,0.082,0
LN5106,27,33539.52,Salaried,577.0,10082.15,48,2,Rent,Married,Debt Consolidation,0.359,1
LN5107,29,49847.79,Salaried,608.0,10483.87,24,1,Mortgage,Single,Home Improvement,0.173,0
LN5108,28,35921.48,Self-Employed,575.0,12031.81,36,3,Mortgage,Single,Education,0.286,0
LN5109,32,69611.6,Unemployed,520.0,24365.37,12,0,Rent,Single,Home Improvement,0.423,0
LN5110,54,82086.71,Salaried,672.0,10099.83,24,0,Mortgage,Married,Business,0.137,0
LN5111,53,51754.74,Business Owner,794.0,12670.72,36,1,Rent,Married,Other,0.219,0
LN5112,43,61778.65,Self-Employed,632.0,79812.31,12,1,Rent,Married,Debt Consolidation,1.295,0
LN5113,44,141340.62,Self-Employed,571.0,12496.75,48,1,Rent,Married,Other,0.095,0
LN5114,57,27274.25,Salaried,667.0,38551.25,48,2,Mortgage,Single,Education,1.48,1
LN5115,55,26456.73,Salaried,703.0,18055.26,60,0,Mortgage,Divorced,Business,0.567,0
LN5116,64,69390.06,Salaried,636.0,9583.27,36,1,Rent,Married,Home Improvement,0.152,0
LN5117,60,129737.88,Self-Employed,776.0,8669.44,60,2,Mortgage,Married,Home Improvement,0.077,0
LN5118,42,43034.21,Salaried,577.0,13301.56,36,3,Mortgage,Married,Business,0.398,0
LN5119,47,116240.54,Unemployed,624.0,6796.18,36,1,Own,Single,Home Improvement,0.07,0
LN5120,55,51442.34,Salaried,677.0,7955.99,60,1,Own,Single,Debt Consolidation,0.145,0
LN5121,21,34876.08,Salaried,646.0,10364.73,36,2,Mortgage,Married,Medical,0.343,0
LN5122,55,29871.31,Self-Employed,654.0,15930.74,12,0,Rent,Single,Home Improvement,0.63,0
LN5123,57,67151.52,Salaried,535.0,39958.57,48,2,Mortgage,Single,Education,0.693,0
LN5124,34,31024.13,Salaried,850.0,9986.88,60,1,Mortgage,Divorced,Home Improvement,0.39,0
LN5125,23,51053.96,Self-Employed,629.0,17622.13,48,1,Mortgage,Married,Other,0.432,0
LN5126,21,108199.55,Unemployed,646.0,5030.43,36,1,Own,Married,Education,0.039,0
LN5127,25,42049.8,Business Owner,706.0,25239.69,36,1,Rent,Married,Home Improvement,0.512,0
LN5128,46,94561.41,Self-Employed,593.0,4755.18,60,2,Rent,Divorced,Home Improvement,0.06,0
LN5129,34,26708.26,Self-Employed,655.0,21569.42,12,1,Own,Single,Education,0.748,1
LN5130,59,37535.61,Unemployed,589.0,12726.54,36,2,Rent,Married,Debt Consolidation,0.281,0
LN5131,47,24256.21,Salaried,687.0,12426.77,24,1,Mortgage,Married,Medical,0.513,1
LN5132,29,50843.03,Salaried,625.0,11157.21,36,1,Rent,Single,Medical,0.266,1
LN5133,35,72405.61,Salaried,674.0,6119.58,36,1,Mortgage,Single,Debt Consolidation,0.073,0
LN5134,35,50898.74,Salaried,556.0,6317.24,24,1,Own,Married,Home Improvement,0.141,0
LN5135,46,90538.01,Self-Employed,575.0,22068.62,24,1,Mortgage,Married,Medical,0.195,0
LN5136,62,33705.3,Self-Employed,527.0,13455.75,36,1,Rent,Single,Debt Consolidation,0.341,1
LN5137,33,54867.22,Self-Employed,586.0,11108.5,12,1,Own,Married,Debt Consolidation,0.197,0
LN5138,52,37656.67,Salaried,418.0,17431.58,24,1,Rent,Married,Medical,0.39,1
LN5139,59,58737.77,Self-Employed,622.0,14197.0,48,2,Own,Married,Education,0.296,0
LN5140,52,47508.68,Salaried,602.0,8301.91,24,1,Rent,Divorced,Business,0.162,1
LN5141,24,65591.28,Self-Employed,664.0,58489.22,36,2,Own,Divorced,Education,1.05,0
LN5142,50,28701.45,Self-Employed,654.0,20836.34,60,0,Rent,Married,Home Improvement,0.669,1
LN5143,57,31417.71,Salaried,763.0,14418.12,24,1,Mortgage,Divorced,Education,0.487,0
LN5144,43,34470.4,Salaried,850.0,9816.63,24,1,Mortgage,Single,Other,0.254,0
LN5145,59,43501.89,Salaried,752.0,23662.71,36,1,Rent,Single,Business,0.512,0
LN5146,35,51205.04,Business Owner,609.0,8328.67,48,3,Rent,Single,Business,0.172,1
LN5147,63,69845.75,Unemployed,606.0,7918.33,60,0,Rent,Married,Debt Consolidation,0.132,0
LN5148,49,32078.8,Self-Employed,728.0,36901.05,60,0,Own,Married,Other,0.975,0
LN5149,56,22015.24,Salaried,498.0,13607.89,48,1,Mortgage,Married,Home Improvement,0.586,1
LN5150,33,144043.64,Salaried,622.0,8450.58,24,4,Mortgage,Single,Debt Consolidation,0.074,0
LN5151,52,27841.24,Self-Employed,629.0,13405.38,12,0,Mortgage,Single,Education,0.488,0
LN5152,27,74470.76,Business Owner,703.0,22250.33,24,0,Mortgage,Divorced,Education,0.379,0
LN5153,42,49793.19,Salaried,705.0,19394.65,12,2,Own,Divorced,Medical,0.505,0
LN5154,48,55584.12,Salaried,583.0,23969.98,48,1,Rent,Married,Debt Consolidation,0.459,0
LN5155,22,48982.81,Self-Employed,613.0,6312.37,36,0,Rent,Married,Other,0.122,0
LN5156,62,40440.18,Salaried,690.0,23611.51,12,1,Own,Married,Debt Consolidation,0.698,0
LN5157,26,61820.24,Salaried,578.0,11998.83,48,0,Mortgage,Single,Debt Consolidation,0.171,0
LN5158,48,39367.91,Salaried,759.0,14093.38,24,1,Mortgage,Married,Debt Consolidation,0.332,0
LN5159,48,87829.38,Salaried,705.0,27603.47,36,1,Rent,Married,Business,0.375,0
LN5160,64,65135.21,Business Owner,665.0,20366.27,36,0,Own,Married,Medical,0.318,0
LN5161,64,66157.73,Unemployed,685.0,16492.01,36,1,Rent,Single,Home Improvement,0.225,0
LN5162,40,38041.71,Self-Employed,608.0,4062.7,36,0,Mortgage,Divorced,Home Improvement,0.12,0
LN5163,50,43556.87,Salaried,646.0,12999.93,12,0,Mortgage,Married,Home Improvement,0.348,0
LN5164,31,27066.27,Salaried,612.0,8343.14,36,2,Rent,Single,Business,0.266,0
LN5165,48,41088.85,Salaried,695.0,20468.19,48,1,Rent,Married,Medical,0.467,0
LN5166,45,29193.81,Salaried,668.0,24211.3,60,1,Own,Divorced,Other,0.755,0
LN5167,59,94516.93,Self-Employed,612.0,11145.39,36,1,Mortgage,Single,Medical,0.117,0
LN5168,53,50275.24,Salaried,717.0,8953.28,36,1,Rent,Married,Business,0.21,0
LN5169,21,53383.05,Salaried,634.0,33988.6,48,0,Own,Married,Other,0.737,0
LN5170,47,43801.65,Salaried,588.0,9303.18,60,0,Rent,Married,Debt Consolidation,0.24,1
LN5171,33,54110.82,Salaried,673.0,6524.23,24,0,Rent,Married,Education,0.097,0
LN5172,61,168120.93,Salaried,559.0,8106.3,36,2,Rent,Single,Debt Consolidation,0.042,0
LN5173,23,42189.64,Salaried,498.0,9575.86,48,4,Mortgage,Single,Home Improvement,0.207,1
LN5174,59,35411.56,Unemployed,650.0,7967.95,36,4,Mortgage,Single,Debt Consolidation,0.211,1
LN5175,26,63885.43,Salaried,591.0,22186.4,12,1,Rent,Single,Business,0.303,0
LN5176,28,15000.0,Salaried,627.0,3573.33,36,1,Mortgage,Married,Home Improvement,0.239,1
LN5177,47,50613.74,Business Owner,563.0,7867.25,24,1,Own,Married,Education,0.13,0
LN5178,29,50438.32,Unemployed,759.0,12984.37,36,1,Rent,Single,Other,0.375,0
LN5179,57,29847.11,Self-Employed,590.0,15155.94,36,2,Own,Married,Other,0.606,0
LN5180,53,63188.58,Business Owner,611.0,36868.06,48,2,Rent,Married,Home Improvement,0.634,0
LN5181,62,50362.1,Salaried,684.0,33763.74,36,3,Rent,Single,Debt Consolidation,0.566,0
LN5182,64,19906.38,Salaried,526.0,5113.08,24,2,Rent,Married,Medical,0.32,0
LN5183,44,35480.38,Salaried,519.0,4252.11,24,1,Rent,Married,Medical,0.154,1
LN5184,35,15000.0,Self-Employed,684.0,13561.4,48,3,Own,Married,Other,0.815,1
LN5185,52,56762.7,Self-Employed,610.0,8920.34,24,2,Mortgage,Single,Medical,0.181,0
LN5186,52,56480.44,Salaried,569.0,6534.06,36,0,Rent,Married,Home Improvement,0.141,0
LN5187,44,32970.19,Salaried,704.0,13489.58,24,1,Mortgage,Divorced,Medical,0.438,0
LN5188,61,64219.13,Self-Employed,577.0,15343.06,48,1,Rent,Married,Business,0.23,0
LN5189,32,25816.02,Salaried,625.0,8075.73,36,1,Rent,Single,Other,0.325,0
LN5190,59,30234.58,Self-Employed,569.0,9187.04,24,2,Own,Married,Education,0.321,0
LN5191,22,60390.99,Self-Employed,677.0,8457.21,24,1,Rent,Single,Medical,0.14,0
LN5192,23,34740.68,Self-Employed,770.0,10436.92,48,1,Own,Married,Business,0.38,0
LN5193,57,47508.86,Business Owner,483.0,18487.8,36,1,Own,Single,Business,0.456,0
LN5194,37,36981.59,Business Owner,646.0,6997.14,48,1,Rent,Single,Home Improvement,0.174,0
LN5195,22,39916.08,Salaried,727.0,9095.99,48,0,Rent,Married,Other,0.249,0
LN5196,22,40797.98,Self-Employed,612.0,10513.66,60,0,Mortgage,Single,Home Improvement,0.295,0
LN5197,48,34427.87,Self-Employed,548.0,13305.71,24,1,Mortgage,Married,Education,0.336,1
LN5198,43,57023.85,Salaried,688.0,15765.68,60,2,Mortgage,Single,Education,0.271,0
LN5199,57,35811.91,Salaried,740.0,45494.86,12,1,Mortgage,Single,Debt Consolidation,1.48,1
LN5200,52,49406.8,Salaried,730.0,18831.3,24,3,Mortgage,Married,Education,0.413,0
LN5201,53,34051.66,Salaried,683.0,19102.2,48,0,Own,Divorced,Other,0.51,0
LN5202,21,22762.07,Self-Employed,659.0,11384.77,24,2,Rent,Single,Other,0.431,0
LN5203,39,77359.42,Business Owner,646.0,7421.08,24,0,Rent,Married,Home Improvement,0.102,0
LN5204,22,62929.07,Salaried,728.0,9731.0,24,2,Mortgage,Single,Business,0.166,0
LN5205,64,153943.52,Salaried,723.0,8723.72,36,1,Own,Married,Debt Consolidation,0.055,0
LN5206,46,29086.04,Unemployed,548.0,16904.56,36,1,Rent,Married,Education,0.648,1
LN5207,52,44157.57,Salaried,683.0,4960.35,48,0,Rent,Single,Business,0.094,0
LN5208,26,45970.09,Salaried,709.0,19063.3,48,1,Rent,Married,Home Improvement,0.362,0
LN5209,52,80393.19,Self-Employed,729.0,12452.25,36,0,Own,Single,Medical,0.166,0
LN5210,24,38042.0,Salaried,643.0,20743.93,24,0,Own,Single,Debt Consolidation,0.453,0
LN5211,31,27295.55,Salaried,573.0,8652.95,60,3,Mortgage,Married,Other,0.393,0
LN5212,37,89671.18,Salaried,605.0,7778.96,24,1,Rent,Married,Business,0.076,0
LN5213,58,41842.8,Salaried,559.0,10467.17,12,3,Mortgage,Married,Home Improvement,0.284,0
LN5214,44,76063.34,Self-Employed,645.0,10317.64,12,1,Mortgage,Married,Home Improvement,0.135,0
LN5215,25,71761.2,Salaried,628.0,21672.71,36,1,Own,Married,Debt Consolidation,0.302,0
LN5216,54,48293.62,Salaried,843.0,21548.96,12,0,Mortgage,Married,Debt Consolidation,0.528,0
LN5217,26,44929.2,Self-Employed,731.0,41898.86,12,1,Rent,Single,Education,0.979,0
LN5218,42,40304.47,Business Owner,737.0,9923.93,24,0,Mortgage,Married,Education,0.286,0
LN5219,31,48649.82,Salaried,692.0,1792.68,24,4,Rent,Married,Other,0.039,1
LN5220,36,75474.5,Salaried,617.0,10449.89,36,1,Mortgage,Married,Other,0.152,0
LN5221,53,32918.16,Self-Employed,646.0,15342.7,48,2,Mortgage,Married,Debt Consolidation,0.55,0
LN5222,29,51762.58,Salaried,633.0,20511.04,48,1,Mortgage,Single,Debt Consolidation,0.437,0
LN5223,26,28020.29,Salaried,667.0,16029.12,24,0,Mortgage,Married,Business,0.634,1
LN5224,36,29820.37,Self-Employed,685.0,9919.26,24,1,Own,Single,Education,0.397,1
LN5225,49,48268.31,Business Owner,650.0,37365.33,60,1,Rent,Married,Home Improvement,0.987,0
LN5226,23,18396.6,Business Owner,624.0,7185.06,12,2,Rent,Married,Education,0.386,1
LN5227,40,137348.85,Self-Employed,597.0,11330.04,48,1,Mortgage,Divorced,Education,0.09,0
LN5228,56,26996.7,Self-Employed,525.0,6988.73,24,2,Own,Married,Debt Consolidation,0.218,1
LN5229,39,48048.0,Salaried,766.0,13517.58,60,1,Rent,Divorced,Debt Consolidation,0.276,0
LN5230,46,87913.52,Self-Employed,848.0,34662.15,24,1,Mortgage,Married,Education,0.397,0
LN5231,23,31842.19,Salaried,758.0,12276.53,36,1,Own,Divorced,Medical,0.469,0
LN5232,39,15500.87,Salaried,537.0,12321.74,48,2,Mortgage,Married,Medical,0.84,1
LN5233,40,39242.95,Self-Employed,721.0,4829.14,36,1,Rent,Divorced,Other,0.143,0
LN5234,52,31653.05,Self-Employed,742.0,11246.41,24,1,Mortgage,Single,Education,0.288,0
LN5235,27,15706.24,Salaried,614.0,26643.28,36,1,Mortgage,Single,Medical,1.48,1
LN5236,61,56525.38,Unemployed,694.0,11497.19,48,1,Mortgage,Married,Other,0.254,0
LN5237,53,54368.86,Salaried,609.0,11040.5,12,1,Own,Divorced,Other,0.185,0
LN5238,60,86782.76,Salaried,788.0,25937.08,12,3,Mortgage,Married,Education,0.244,0
LN5239,59,27989.61,Salaried,683.0,11068.53,36,0,Rent,Single,Other,0.402,0
LN5240,38,22035.98,Business Owner,567.0,29005.25,12,2,Rent,Married,Debt Consolidation,1.48,0
LN5241,60,40000.15,Self-Employed,710.0,6180.88,36,1,Own,Married,Debt Consolidation,0.159,0
LN5242,21,46902.61,Salaried,745.0,20064.6,24,3,Own,Single,Debt Consolidation,0.441,0
LN5243,31,77704.99,Self-Employed,668.0,35875.06,36,0,Rent,Married,Home Improvement,0.524,0
LN5244,48,99238.77,Salaried,693.0,24458.04,24,0,Rent,Divorced,Debt Consolidation,0.229,0
LN5245,45,89970.72,Business Owner,644.0,4357.42,36,1,Mortgage,Divorced,Debt Consolidation,0.057,0
LN5246,43,56289.98,Salaried,548.0,9109.0,12,0,Mortgage,Single,Education,0.142,0
LN5247,51,73112.13,Salaried,636.0,11554.49,12,1,Own,Single,Medical,0.158,0
LN5248,50,35587.63,Unemployed,697.0,24488.85,12,0,Mortgage,Single,Medical,0.776,1
LN5249,62,53326.98,Salaried,638.0,6009.09,60,0,Own,Single,Debt Consolidation,0.137,0
LN5250,55,27020.6,Salaried,722.0,7249.14,12,0,Rent,Single,Debt Consolidation,0.321,0
LN5251,27,50581.58,Self-Employed,615.0,5099.56,48,3,Mortgage,Married,Debt Consolidation,0.117,1
LN5252,36,51242.44,Unemployed,621.0,8139.79,12,1,Rent,Single,Other,0.156,0
LN5253,46,115967.39,Salaried,725.0,6304.61,12,0,Rent,Divorced,Education,0.047,0
LN5254,22,43717.71,Salaried,670.0,34847.74,36,0,Rent,Divorced,Education,0.724,0
LN5255,21,51278.22,Salaried,613.0,9059.54,36,1,Mortgage,Single,Education,0.218,0
LN5256,32,55186.89,Salaried,743.0,20222.58,60,0,Own,Divorced,Medical,0.45,0
LN5257,25,39049.68,Salaried,588.0,13504.55,60,1,Rent,Married,Home Improvement,0.441,0
LN5258,57,32818.7,Self-Employed,585.0,13391.52,48,0,Rent,Married,Medical,0.342,1
LN5259,52,93845.55,Unemployed,395.0,9368.74,36,0,Rent,Single,Education,0.107,0
LN5260,29,30017.66,Salaried,600.0,21205.45,36,1,Own,Married,Business,0.794,0
LN5261,61,25236.36,Salaried,768.0,14656.02,24,0,Mortgage,Single,Home Improvement,0.671,0
LN5262,55,68880.8,Salaried,463.0,14158.16,60,1,Rent,Married,Debt Consolidation,0.231,0
LN5263,39,87457.43,Salaried,564.0,9357.63,36,1,Own,Single,Other,0.127,0
LN5264,36,39116.32,Business Owner,690.0,10323.05,36,0,Mortgage,Married,Medical,0.259,0
LN5265,23,39417.82,Salaried,448.0,19021.91,24,2,Mortgage,Single,Other,0.429,0
LN5266,40,56459.1,Salaried,604.0,15337.15,12,1,Own,Single,Home Improvement,0.245,0
LN5267,44,34409.01,Self-Employed,753.0,14387.04,60,0,Own,Married,Business,0.337,0
LN5268,53,33161.46,Salaried,834.0,8497.9,24,1,Mortgage,Married,Home Improvement,0.25,0
LN5269,44,76099.45,Self-Employed,676.0,42893.03,36,2,Own,Married,Medical,0.477,0
LN5270,31,66407.52,Salaried,567.0,10018.37,12,1,Rent,Single,Education,0.145,0
LN5271,28,94426.73,Business Owner,646.0,13119.41,48,0,Own,Divorced,Debt Consolidation,0.155,0
LN5272,56,26205.0,Unemployed,663.0,11941.56,12,2,Mortgage,Married,Education,0.568,0
LN5273,58,38130.46,Self-Employed,675.0,43166.79,48,0,Rent,Single,Education,1.381,0
LN5274,60,56420.61,Unemployed,817.0,11220.65,12,0,Mortgage,Married,Medical,0.184,0
LN5275,40,30859.18,Salaried,737.0,10621.07,48,3,Mortgage,Married,Education,0.298,0
LN5276,55,67564.89,Salaried,658.0,14342.56,48,1,Rent,Single,Education,0.19,0
LN5277,45,90428.39,Self-Employed,620.0,8812.05,24,2,Rent,Married,Medical,0.125,0
LN5278,55,36618.95,Self-Employed,850.0,14284.92,36,2,Own,Married,Medical,0.419,0
LN5279,45,49975.89,Salaried,706.0,55434.76,24,2,Mortgage,Married,Business,0.989,0
LN5280,49,101499.52,Salaried,590.0,15991.58,24,2,Rent,Single,Education,0.192,0
LN5281,38,120527.81,Salaried,630.0,15645.64,48,0,Mortgage,Divorced,Home Improvement,0.129,0
LN5282,38,71175.26,Salaried,571.0,8684.17,36,0,Rent,Single,Debt Consolidation,0.152,0
LN5283,22,65954.12,Salaried,646.0,37254.36,24,3,Rent,Divorced,Other,0.525,1
LN5284,55,31988.5,Self-Employed,678.0,42762.62,24,1,Rent,Single,Debt Consolidation,1.332,0
LN5285,36,58665.36,Salaried,810.0,22283.64,24,0,Mortgage,Married,Medical,0.4,0
LN5286,61,64757.86,Salaried,503.0,19777.49,48,1,Own,Married,Other,0.381,1
LN5287,56,44126.46,Self-Employed,655.0,11604.41,24,2,Rent,Single,Medical,0.325,0
LN5288,53,36410.48,Self-Employed,586.0,16895.5,60,2,Mortgage,Married,Business,0.504,0
LN5289,24,25831.53,Business Owner,697.0,8094.22,60,2,Own,Married,Education,0.285,0
LN5290,53,20560.67,Self-Employed,634.0,6797.65,12,0,Rent,Single,Medical,0.331,1
LN5291,34,18509.85,Salaried,528.0,5473.01,24,0,Mortgage,Married,Medical,0.381,0
LN5292,41,65494.49,Business Owner,562.0,17092.66,48,0,Mortgage,Married,Debt Consolidation,0.288,0
LN5293,40,52778.0,Salaried,575.0,5842.86,24,2,Rent,Single,Education,0.132,0
LN5294,28,47508.68,Salaried,771.0,9899.29,12,2,Own,Divorced,Business,0.264,0
LN5295,27,41534.17,Self-Employed,766.0,12877.83,24,4,Own,Divorced,Medical,0.331,0
LN5296,23,54460.74,Unemployed,622.0,24274.32,36,0,Mortgage,Single,Medical,0.452,1
LN5297,37,45148.78,Salaried,761.0,9443.37,48,2,Rent,Married,Medical,0.241,0
LN5298,53,25077.43,Salaried,634.0,26054.96,12,2,Own,Single,Debt Consolidation,1.273,0
LN5299,32,77381.28,Salaried,621.0,23470.4,12,1,Mortgage,Married,Medical,0.32,0
LN5300,42,57071.67,Salaried,655.0,7024.89,60,1,Rent,Divorced,Medical,0.128,0
LN5301,42,55991.17,Salaried,676.0,26204.73,48,1,Rent,Single,Debt Consolidation,0.454,1
LN5302,50,74516.91,Self-Employed,600.0,11269.46,36,0,Own,Married,Medical,0.134,0
LN5303,58,32636.2,Salaried,652.0,9903.36,48,0,Rent,Married,Education,0.385,0
LN5304,58,89937.09,Unemployed,721.0,11298.08,36,3,Own,Single,Education,0.12,0
LN5305,28,45705.71,Business Owner,662.0,13331.66,48,1,Rent,Divorced,Debt Consolidation,0.35,0
LN5306,47,76442.91,Self-Employed,654.0,10414.7,24,1,Mortgage,Married,Education,0.158,0
LN5307,47,70772.41,Business Owner,694.0,8072.23,24,3,Own,Married,Other,0.136,0
LN5308,54,29161.34,Salaried,710.0,8512.12,48,1,Rent,Married,Other,0.37,0
LN5309,41,63035.3,Salaried,644.0,14521.21,36,0,Own,Single,Other,0.256,0
LN5310,50,57707.21,Self-Employed,607.0,12133.46,60,0,Own,Single,Business,0.263,0
LN5311,53,49769.41,Business Owner,667.0,18331.68,24,2,Mortgage,Divorced,Medical,0.326,1
LN5312,48,46761.44,Business Owner,507.0,13786.12,60,0,Rent,Married,Business,0.328,0
LN5313,53,46960.09,Salaried,631.0,13991.54,60,2,Own,Married,Education,0.353,0
LN5314,25,73595.91,Unemployed,428.0,19066.48,24,0,Own,Single,Debt Consolidation,0.242,0
LN5315,39,65444.34,Salaried,499.0,31299.29,48,4,Own,Married,Other,0.56,1
LN5316,24,49773.57,Business Owner,486.0,32061.57,36,0,Mortgage,Divorced,Debt Consolidation,0.766,1
LN5317,55,50438.32,Unemployed,744.0,29859.07,60,1,Mortgage,Single,Business,1.48,1
LN5318,37,62769.32,Salaried,651.0,22522.49,36,3,Own,Single,Education,0.343,0
LN5319,64,70390.02,Self-Employed,536.0,46688.18,48,2,Own,Married,Medical,0.757,1
LN5320,48,154848.89,Salaried,694.0,17373.38,36,1,Mortgage,Single,Education,0.107,0
LN5321,50,83928.16,Salaried,739.0,16241.54,24,0,Rent,Single,Other,0.226,0
LN5322,49,18966.16,Salaried,696.0,51346.54,24,2,Rent,Divorced,Education,1.48,1
LN5323,26,50981.33,Self-Employed,633.0,2603.0,36,2,Rent,Divorced,Debt Consolidation,0.056,0
LN5324,55,121259.42,Unemployed,671.0,11750.63,48,1,Own,Married,Home Improvement,0.098,0
LN5325,61,66954.89,Self-Employed,731.0,28324.92,36,0,Rent,Married,Other,0.373,0
LN5326,57,57775.85,Salaried,608.0,24056.43,36,0,Mortgage,Divorced,Medical,0.37,0
LN5327,44,76888.71,Business Owner,653.0,62279.71,24,0,Rent,Married,Other,0.679,0
LN5328,49,35911.43,Unemployed,627.0,14249.7,36,0,Mortgage,Single,Other,0.44,0
LN5329,51,62258.17,Salaried,505.0,10316.6,12,0,Mortgage,Single,Medical,0.203,0
LN5330,55,43250.58,Unemployed,732.0,10946.22,48,1,Mortgage,Single,Other,0.205,0
LN5331,53,48542.17,Salaried,835.0,16168.83,60,1,Mortgage,Single,Debt Consolidation,0.277,0
LN5332,41,74178.32,Business Owner,571.0,35347.7,36,1,Rent,Single,Education,0.49,0
LN5333,52,30842.33,Salaried,737.0,35613.66,12,1,Rent,Single,Debt Consolidation,1.35,1
LN5334,43,93338.81,Salaried,574.0,12918.18,24,3,Rent,Single,Education,0.122,1
LN5335,53,39679.66,Salaried,662.0,15549.83,36,2,Rent,Single,Home Improvement,0.367,0
LN5336,23,55844.78,Self-Employed,786.0,9256.11,36,3,Mortgage,Married,Other,0.152,0
LN5337,38,24336.83,Salaried,603.0,9854.37,48,3,Own,Single,Home Improvement,0.405,1
LN5338,45,70257.24,Salaried,649.0,25028.1,24,3,Rent,Married,Business,0.325,0
LN5339,62,50642.455,Self-Employed,488.0,34937.88,48,1,Mortgage,Single,Education,0.338,0
LN5340,51,37898.97,Unemployed,590.0,8792.28,36,0,Rent,Married,Debt Consolidation,0.27,0
LN5341,23,28138.34,Salaried,478.0,15456.33,24,0,Mortgage,Divorced,Debt Consolidation,0.607,0
LN5342,60,56330.51,Salaried,689.0,11546.68,36,1,Mortgage,Married,Other,0.172,0
LN5343,44,101458.52,Salaried,725.0,22433.78,12,2,Rent,Married,Debt Consolidation,0.247,0
LN5344,52,23743.68,Salaried,630.0,10581.8,36,0,Own,Divorced,Business,0.463,0
LN5345,42,28193.48,Business Owner,676.0,4205.41,48,5,Mortgage,Single,Medical,0.189,0
LN5346,43,39061.99,Business Owner,621.0,24396.97,36,3,Own,Divorced,Debt Consolidation,0.59,0
LN5347,22,32527.07,Self-Employed,717.0,11135.68,48,3,Rent,Married,Other,0.398,0
LN5348,47,32578.48,Salaried,662.0,11852.97,36,1,Own,Married,Home Improvement,0.424,0
LN5349,62,17204.73,Business Owner,471.0,17350.09,24,0,Own,Single,Debt Consolidation,0.918,1
LN5350,22,65810.09,Self-Employed,735.0,16509.65,36,0,Mortgage,Married,Debt Consolidation,0.314,0
LN5351,46,58067.43,Business Owner,615.0,17565.17,36,1,Mortgage,Married,Debt Consolidation,0.316,0
LN5352,37,20964.28,Self-Employed,536.0,5024.9,24,1,Mortgage,Married,Other,0.273,0
LN5353,60,101579.59,Business Owner,610.0,18653.43,12,1,Own,Married,Medical,0.16,0
LN5354,53,113612.2,Self-Employed,479.0,4249.54,36,0,Rent,Single,Debt Consolidation,0.035,0
LN5355,29,33676.22,Salaried,538.0,21199.63,12,2,Rent,Single,Medical,0.688,1
LN5356,63,87840.18,Unemployed,663.0,26134.95,12,0,Mortgage,Married,Medical,0.285,0
LN5357,59,36809.13,Salaried,670.0,5877.51,36,0,Rent,Single,Business,0.168,0
LN5358,49,53667.25,Self-Employed,678.0,16269.7,24,2,Mortgage,Single,Home Improvement,0.299,0
LN5359,62,32277.28,Salaried,650.0,25192.65,60,0,Own,Single,Debt Consolidation,0.874,0
LN5360,46,148319.76,Self-Employed,588.0,10204.64,24,1,Mortgage,Single,Debt Consolidation,0.072,0
LN5361,55,42276.7,Self-Employed,645.0,20013.89,48,0,Mortgage,Married,Debt Consolidation,0.38,0
LN5362,45,52220.19,Salaried,611.0,2511.8,36,1,Mortgage,Single,Medical,0.054,0
LN5363,44,34753.35,Salaried,504.0,25820.34,48,0,Mortgage,Divorced,Education,0.751,0
LN5364,33,124325.42,Self-Employed,580.0,13602.33,24,2,Rent,Married,Home Improvement,0.106,0
LN5365,27,125908.07,Business Owner,730.0,11444.93,60,3,Mortgage,Married,Other,0.077,0
LN5366,56,110798.07,Salaried,793.0,24111.03,36,1,Rent,Single,Debt Consolidation,0.198,0
LN5367,40,79080.39,Salaried,709.0,37705.97,48,1,Own,Married,Education,0.435,0
LN5368,21,35868.16,Self-Employed,789.0,17879.85,24,0,Mortgage,Married,Education,0.632,1
LN5369,28,74155.91,Salaried,658.0,35074.45,12,1,Mortgage,Divorced,Education,0.481,0
LN5370,36,48848.48,Salaried,807.0,5260.76,36,2,Mortgage,Married,Home Improvement,0.088,0
LN5371,34,94485.75,Salaried,835.0,19921.79,12,0,Rent,Married,Education,0.183,0
LN5372,32,85643.71,Salaried,494.0,12342.42,36,0,Rent,Divorced,Other,0.121,0
LN5373,43,35431.88,Salaried,670.0,8325.42,24,2,Mortgage,Single,Debt Consolidation,0.257,0
LN5374,35,78740.5,Salaried,658.0,4199.8,36,0,Rent,Single,Other,0.048,0
LN5375,48,68941.75,Salaried,612.0,19284.79,60,1,Rent,Married,Debt Consolidation,0.294,0
LN5376,54,15000.0,Salaried,694.0,22588.0,36,2,Rent,Single,Business,1.48,1
LN5377,22,73164.7,Salaried,654.0,29888.04,48,1,Own,Single,Medical,0.491,0
LN5378,52,39501.82,Salaried,584.0,27062.23,36,1,Rent,Married,Education,0.658,0
LN5379,43,31475.94,Salaried,648.0,8408.3,36,3,Own,Single,Other,0.275,0
LN5380,42,32156.49,Business Owner,758.0,28981.8,60,1,Rent,Married,Medical,1.046,0
LN5381,45,45815.54,Salaried,666.0,30878.29,48,1,Mortgage,Divorced,Medical,0.685,0
LN5382,42,62319.51,Salaried,706.0,11430.15,48,2,Mortgage,Single,Medical,0.219,0
LN5383,42,24767.04,Salaried,625.0,13589.56,24,0,Own,Single,Medical,0.62,0
LN5384,62,53902.06,Salaried,691.0,7627.44,36,1,Mortgage,Single,Medical,0.142,1
LN5385,26,65406.64,Self-Employed,541.0,32484.94,24,3,Rent,Single,Debt Consolidation,0.522,0
LN5386,35,124355.9,Self-Employed,605.0,5393.38,36,1,Own,Single,Home Improvement,0.056,0
LN5387,63,28614.1,Business Owner,641.0,18416.13,36,0,Mortgage,Single,Education,0.728,0
LN5388,57,41158.84,Self-Employed,535.0,9338.51,48,2,Rent,Married,Education,0.284,1
LN5389,53,55872.72,Unemployed,575.0,6872.53,48,0,Mortgage,Single,Debt Consolidation,0.109,0
LN5390,28,87003.59,Salaried,678.0,4337.98,36,3,Mortgage,Married,Other,0.052,0
LN5391,64,42103.58,Salaried,662.0,11739.99,12,3,Mortgage,Divorced,Debt Consolidation,0.35,0
LN5392,64,89261.07,Salaried,723.0,6255.7,48,0,Mortgage,Married,Medical,0.067,0
LN5393,25,18607.48,Salaried,596.0,13819.72,24,1,Own,Married,Home Improvement,0.953,0
LN5394,59,26195.05,Salaried,655.0,38622.97,36,0,Own,Single,Education,1.251,1
LN5395,24,58356.27,Self-Employed,590.0,15058.6,12,3,Rent,Married,Other,0.323,0
LN5396,26,24211.61,Salaried,714.0,44283.54,24,2,Rent,Single,Business,1.48,1
LN5397,52,27248.8,Unemployed,757.0,7410.37,60,1,Own,Single,Debt Consolidation,0.228,0
LN5398,50,37650.88,Business Owner,693.0,6194.61,12,1,Own,Married,Business,0.204,0
LN5399,55,72093.52,Salaried,746.0,7214.09,36,2,Mortgage,Single,Education,0.093,0
LN5400,60,18996.64,Salaried,653.0,12847.95,24,4,Rent,Single,Debt Consolidation,0.549,0
LN5401,36,53377.75,Salaried,723.0,68443.87,60,0,Mortgage,Divorced,Education,1.113,0
LN5402,33,82164.78,Salaried,657.0,4928.21,48,0,Rent,Divorced,Debt Consolidation,0.068,0
LN5403,62,44468.1,Salaried,558.0,19376.14,24,0,Own,Single,Other,0.562,0
LN5404,50,40765.23,Salaried,646.0,8778.15,12,0,Rent,Single,Education,0.184,0
LN5405,39,59927.19,Salaried,560.0,11680.99,36,1,Mortgage,Married,Business,0.201,0
LN5406,37,44531.16,Salaried,850.0,6280.39,24,0,Rent,Married,Home Improvement,0.126,0
LN5407,39,98247.97,Unemployed,620.0,22640.21,36,0,Mortgage,Single,Other,0.27,0
LN5408,48,28121.61,Self-Employed,708.0,13012.23,12,2,Rent,Married,Other,0.397,0
LN5409,46,47771.19,Unemployed,649.0,25654.45,12,1,Own,Divorced,Debt Consolidation,0.494,0
LN5410,57,54330.62,Salaried,539.0,14840.97,36,2,Own,Single,Business,0.245,0
LN5411,46,40569.55,Salaried,479.0,4192.39,24,2,Mortgage,Divorced,Education,0.111,0
LN5412,43,15000.0,Self-Employed,717.0,25794.73,48,1,Rent,Divorced,Business,1.48,1
LN5413,29,45231.43,Salaried,789.0,3992.61,12,0,Rent,Single,Other,0.093,0
LN5414,32,76886.72,Salaried,584.0,4350.55,24,0,Mortgage,Married,Debt Consolidation,0.047,0
LN5415,21,72334.36,Self-Employed,501.0,7705.41,60,0,Mortgage,Single,Business,0.115,0
LN5416,21,58535.53,Self-Employed,621.0,7767.37,36,0,Own,Married,Education,0.159,0
LN5417,54,28312.79,Salaried,566.0,30872.24,48,1,Rent,Married,Medical,0.944,1
LN5418,52,59733.89,Salaried,591.0,12055.86,24,1,Rent,Single,Other,0.169,1
LN5419,45,36801.03,Salaried,705.0,28238.21,36,6,Rent,Married,Home Improvement,0.686,0
LN5420,60,58497.63,Salaried,645.0,9501.92,48,1,Mortgage,Married,Home Improvement,0.191,0
LN5421,21,52091.26,Salaried,575.0,16164.74,24,1,Rent,Single,Other,0.34,0
LN5422,36,30085.91,Salaried,703.0,17755.05,48,2,Rent,Single,Medical,0.632,0
LN5423,59,31375.17,Salaried,710.0,20285.05,36,5,Rent,Single,Debt Consolidation,0.598,0
LN5424,25,58542.67,Unemployed,620.0,10107.61,24,0,Mortgage,Married,Business,0.167,0
LN5425,42,43890.07,Self-Employed,662.0,10649.7,36,3,Rent,Divorced,Business,0.311,0
LN5426,49,32204.43,Self-Employed,697.0,11171.51,36,0,Mortgage,Married,Medical,0.319,0
LN5427,23,30902.27,Salaried,688.0,4956.98,24,1,Mortgage,Married,Medical,0.201,0
LN5428,32,42111.86,Salaried,654.0,12703.83,36,0,Mortgage,Married,Education,0.329,0
LN5429,46,107371.75,Salaried,779.0,10612.52,24,0,Mortgage,Single,Education,0.085,0
LN5430,36,37682.87,Salaried,702.0,18921.3,36,0,Mortgage,Single,Home Improvement,0.519,0
LN5431,57,48678.38,Salaried,609.0,14112.0,48,1,Mortgage,Married,Debt Consolidation,0.369,0
LN5432,42,51576.54,Business Owner,610.0,29787.05,36,0,Mortgage,Married,Debt Consolidation,0.583,0
LN5433,49,27847.18,Self-Employed,600.0,13933.52,60,2,Rent,Married,Medical,0.616,1
LN5434,34,20304.21,Salaried,707.0,9534.54,24,0,Mortgage,Divorced,Home Improvement,0.436,0
LN5435,48,29339.2,Salaried,594.0,13830.32,36,0,Own,Married,Home Improvement,0.512,0
LN5436,25,55466.73,Unemployed,612.0,20629.97,48,0,Mortgage,Married,Education,0.454,0
LN5437,50,51208.74,Salaried,745.0,4610.43,36,0,Rent,Single,Business,0.113,0
LN5438,25,69647.58,Salaried,667.0,8698.02,36,1,Rent,Divorced,Debt Consolidation,0.13,0
LN5439,32,51450.47,Salaried,758.0,8808.69,12,2,Mortgage,Married,Home Improvement,0.192,0
LN5440,36,46407.92,Business Owner,722.0,17095.9,24,2,Rent,Divorced,Education,0.295,0
LN5441,46,36242.72,Unemployed,544.0,18331.42,24,1,Own,Married,Education,0.469,1
LN5442,46,76290.48,Salaried,641.0,14196.3,60,0,Rent,Married,Education,0.175,0
LN5443,41,30958.72,Business Owner,739.0,3019.41,24,2,Own,Married,Business,0.083,0
LN5444,59,28135.86,Business Owner,540.0,4958.45,48,2,Own,Single,Home Improvement,0.166,0
LN5445,56,65090.1,Salaried,688.0,11575.44,36,4,Mortgage,Married,Medical,0.171,0
LN5446,53,25170.33,Salaried,646.0,9888.41,24,1,Mortgage,Divorced,Medical,0.505,0
LN5447,50,163962.91,Salaried,492.0,13402.84,36,0,Mortgage,Single,Education,0.093,0
LN5448,57,51021.21,Unemployed,661.0,10080.53,48,1,Rent,Single,Education,0.2,0
LN5449,43,58334.74,Salaried,575.0,33489.44,48,1,Rent,Married,Business,0.743,0
LN5450,30,32721.58,Business Owner,545.0,3373.26,24,1,Mortgage,Single,Education,0.09,1
LN5451,25,41871.79,Salaried,651.0,16019.73,24,1,Mortgage,Married,Other,0.397,0
LN5452,56,39601.47,Self-Employed,476.0,21956.23,24,1,Own,Married,Home Improvement,0.623,0
LN5453,54,37387.16,Salaried,589.0,20351.77,12,1,Own,Single,Education,0.451,1
LN5454,51,67270.76,Self-Employed,850.0,21426.07,36,0,Rent,Married,Education,0.369,0
LN5455,30,39152.2,Business Owner,709.0,23357.41,48,0,Own,Married,Home Improvement,0.507,0
LN5456,39,81531.98,Business Owner,571.0,9298.53,24,3,Rent,Divorced,Debt Consolidation,0.099,1
LN5457,52,185644.93,Business Owner,776.0,6898.85,48,2,Mortgage,Married,Other,0.033,0
LN5458,21,42286.76,Salaried,561.0,3941.0,36,1,Own,Divorced,Other,0.118,0
LN5459,25,52899.95,Self-Employed,600.0,10747.61,24,0,Mortgage,Single,Medical,0.232,0
LN5460,24,59263.03,Salaried,547.0,8378.97,12,0,Own,Single,Education,0.159,0
LN5461,36,121267.29,Salaried,673.0,26821.67,48,0,Mortgage,Single,Home Improvement,0.238,0
LN5462,44,47036.36,Salaried,773.0,11242.6,48,1,Rent,Married,Medical,0.226,0
LN5463,36,32386.32,Salaried,646.0,7199.43,36,0,Mortgage,Divorced,Business,0.247,0
LN5464,22,26025.44,Salaried,465.0,6547.76,12,1,Own,Married,Debt Consolidation,0.253,1
LN5465,48,47620.0,Unemployed,748.0,44059.31,24,0,Rent,Married,Education,0.807,0
LN5466,52,39175.62,Salaried,790.0,13183.85,12,1,Own,Single,Debt Consolidation,0.385,0
LN5467,47,133920.91,Self-Employed,470.0,8359.03,36,1,Rent,Single,Education,0.054,0
LN5468,40,118768.47,Salaried,691.0,14391.96,48,2,Mortgage,Divorced,Education,0.108,0
LN5469,44,29225.99,Salaried,670.0,41694.87,12,3,Mortgage,Married,Education,1.48,1
LN5470,32,34359.02,Salaried,579.0,10574.4,48,4,Rent,Married,Debt Consolidation,0.348,1
LN5471,55,50862.7,Unemployed,525.0,20175.14,36,3,Rent,Single,Other,0.442,1
LN5472,53,98578.97,Business Owner,739.0,27224.61,36,1,Own,Divorced,Business,0.279,0
LN5473,53,50438.32,Unemployed,666.0,4294.74,60,1,Mortgage,Married,Other,0.085,0
LN5474,63,35467.77,Unemployed,673.0,9108.4,12,2,Rent,Married,Home Improvement,0.294,1
LN5475,57,47598.62,Salaried,594.0,25251.78,60,2,Own,Single,Home Improvement,0.621,0
LN5476,32,35801.95,Salaried,578.0,8781.64,12,1,Mortgage,Married,Other,0.259,1
LN5477,23,66253.17,Self-Employed,429.0,17133.23,24,0,Rent,Divorced,Business,0.332,0
LN5478,21,34388.69,Salaried,629.0,8475.3,48,2,Rent,Divorced,Business,0.315,0
LN5479,53,37978.75,Salaried,779.0,10225.8,60,0,Rent,Single,Education,0.271,0
LN5480,60,87637.73,Salaried,570.0,9505.08,36,2,Rent,Single,Education,0.131,0
LN5481,30,33383.52,Self-Employed,513.0,19574.87,36,0,Rent,Married,Home Improvement,0.628,0
LN5482,63,23787.99,Self-Employed,689.0,15077.34,48,2,Rent,Single,Education,0.669,1
LN5483,64,51405.32,Salaried,706.0,14176.14,48,2,Rent,Married,Education,0.228,0
LN5484,49,40935.92,Salaried,597.0,60144.01,12,3,Mortgage,Single,Business,1.48,1
LN5485,33,63304.25,Self-Employed,619.0,37942.17,48,3,Mortgage,Single,Debt Consolidation,0.749,0
LN5486,32,57453.77,Self-Employed,674.0,4069.41,36,1,Rent,Married,Other,0.084,0
LN5487,51,48244.68,Salaried,636.0,10238.95,36,0,Rent,Married,Medical,0.253,0
LN5488,22,47547.21,Self-Employed,740.0,57289.82,36,1,Mortgage,Married,Medical,1.06,0
LN5489,55,33930.54,Salaried,850.0,9463.96,36,1,Mortgage,Divorced,Education,0.273,0
LN5490,43,51106.84,Salaried,496.0,46753.65,60,2,Rent,Single,Education,0.839,1
LN5491,37,76163.86,Business Owner,761.0,10344.43,36,1,Mortgage,Married,Other,0.13,0
LN5492,46,30130.0,Self-Employed,659.0,11609.76,60,1,Own,Single,Medical,0.42,0
LN5493,28,48888.69,Salaried,775.0,22429.74,24,0,Rent,Married,Business,0.451,0
LN5494,49,82387.94,Self-Employed,715.0,12655.86,48,1,Rent,Single,Medical,0.166,0
LN5495,46,63114.89,Self-Employed,656.0,17975.68,48,1,Rent,Single,Medical,0.29,0
LN5496,30,94347.16,Business Owner,718.0,34371.03,36,1,Rent,Single,Medical,0.344,0
LN5497,46,36898.6,Self-Employed,615.0,21063.15,36,3,Own,Single,Education,0.484,0
LN5498,54,19626.1,Self-Employed,580.0,14543.79,36,1,Rent,Divorced,Education,0.923,1
LN5499,61,54194.02,Salaried,723.0,36465.29,48,0,Mortgage,Married,Other,0.542,0
LN5500,27,58764.04,Salaried,574.0,22606.95,48,1,Rent,Divorced,Medical,0.308,0
LN5501,24,97169.39,Salaried,708.0,8603.07,12,2,Mortgage,Married,Education,0.107,0
LN5502,31,88793.87,Salaried,653.0,43828.74,48,1,Own,Single,Other,0.641,0
LN5503,49,64111.04,Self-Employed,646.0,19641.88,36,2,Mortgage,Single,Medical,0.356,1
LN5504,56,71875.81,Salaried,598.0,11752.18,24,2,Mortgage,Single,Business,0.132,0
LN5505,45,44537.61,Salaried,680.0,3973.92,48,2,Rent,Single,Education,0.081,0
LN5506,41,26647.29,Salaried,613.0,5845.66,36,0,Rent,Married,Debt Consolidation,0.282,0
LN5507,56,51992.8,Salaried,421.0,37052.12,48,0,Rent,Married,Other,0.858,1
LN5508,30,80120.48,Salaried,769.0,37941.44,24,0,Rent,Single,Education,0.513,0
LN5509,57,68062.42,Self-Employed,665.0,14061.14,12,2,Mortgage,Single,Business,0.19,1
LN5510,29,74377.12,Salaried,690.0,4618.63,36,0,Rent,Single,Business,0.05,0
LN5511,44,39581.7,Self-Employed,607.0,6959.17,12,4,Rent,Single,Education,0.142,1
LN5512,55,42925.73,Unemployed,698.0,5042.91,48,0,Rent,Single,Home Improvement,0.13,0
LN5513,55,62424.48,Salaried,815.0,4934.14,24,0,Mortgage,Married,Other,0.064,0
LN5514,56,37299.91,Salaried,584.0,45074.93,36,0,Rent,Single,Medical,1.48,0
LN5515,38,37878.6,Salaried,800.0,45979.49,12,1,Rent,Married,Medical,1.082,0
LN5516,59,56896.61,Self-Employed,686.0,6819.16,24,1,Mortgage,Single,Business,0.138,0
LN5517,52,71714.8,Self-Employed,572.0,13289.89,48,1,Rent,Single,Education,0.163,0
LN5518,44,44366.31,Salaried,849.0,6180.3,24,0,Rent,Married,Home Improvement,0.149,0
LN5519,43,27402.93,Salaried,685.0,13238.14,36,1,Mortgage,Married,Other,0.406,0
LN5520,52,33931.47,Business Owner,711.0,35724.15,60,0,Rent,Single,Debt Consolidation,1.246,1
LN5521,57,54275.93,Salaried,646.0,25520.35,36,4,Rent,Divorced,Medical,0.514,1
LN5522,32,53947.17,Salaried,578.0,21702.82,48,1,Rent,Single,Other,0.339,0
LN5523,33,55305.03,Business Owner,665.0,11890.47,12,0,Mortgage,Single,Other,0.263,0
LN5524,43,63617.74,Self-Employed,792.0,28486.35,24,0,Rent,Married,Home Improvement,0.481,0
LN5525,45,49163.43,Business Owner,622.0,19692.66,48,1,Mortgage,Married,Other,0.505,0
LN5526,55,55967.59,Self-Employed,648.0,17023.49,48,1,Own,Single,Medical,0.383,0
LN5527,61,47929.51,Business Owner,646.0,12465.93,36,1,Rent,Single,Education,0.328,0
LN5528,50,87061.21,Salaried,623.0,16171.79,36,1,Rent,Divorced,Medical,0.156,0
LN5529,37,100325.08,Self-Employed,696.0,15882.15,36,1,Rent,Single,Debt Consolidation,0.136,0
LN5530,40,27051.41,Unemployed,729.0,9654.13,12,0,Own,Single,Education,0.462,0
LN5531,45,43147.25,Self-Employed,632.0,8392.13,48,2,Own,Married,Business,0.203,0
LN5532,42,49829.49,Salaried,678.0,7345.59,36,0,Rent,Divorced,Home Improvement,0.135,0
LN5533,33,42896.38,Salaried,709.0,7633.35,36,0,Own,Single,Medical,0.211,0
LN5534,39,120145.8,Salaried,614.0,11933.9,48,3,Rent,Married,Education,0.093,0
LN5535,56,54829.17,Salaried,723.0,10811.75,24,4,Rent,Married,Other,0.229,0
LN5536,32,32771.49,Salaried,601.0,9205.53,24,3,Rent,Married,Education,0.342,1
LN5537,61,66053.56,Self-Employed,589.0,8805.49,48,0,Own,Married,Medical,0.159,0
LN5538,39,56133.46,Self-Employed,513.0,15916.76,48,1,Rent,Divorced,Business,0.266,0
LN5539,32,57073.57,Salaried,605.0,30533.03,36,2,Rent,Single,Medical,0.535,0
LN5540,29,121047.47,Self-Employed,577.0,13272.51,12,0,Mortgage,Single,Business,0.11,0
LN5541,27,58418.77,Salaried,614.0,12761.67,24,0,Mortgage,Divorced,Other,0.228,1
LN5542,48,42115.42,Salaried,705.0,7624.09,36,0,Mortgage,Married,Medical,0.16,0
LN5543,34,18441.55,Salaried,495.0,11686.13,24,3,Own,Married,Education,0.65,1
LN5544,51,45129.91,Salaried,472.0,27287.99,48,1,Rent,Married,Debt Consolidation,0.638,0
LN5545,39,94182.06,Salaried,583.0,24896.35,60,1,Rent,Married,Debt Consolidation,0.282,0
LN5546,36,46836.38,Salaried,692.0,23879.71,48,0,Rent,Married,Other,0.617,0
LN5547,25,15994.1,Salaried,676.0,23424.11,24,0,Mortgage,Divorced,Education,1.48,0
LN5548,55,38208.71,Business Owner,581.0,17362.01,48,0,Rent,Married,Debt Consolidation,0.416,0
LN5549,32,80526.71,Salaried,755.0,16995.85,24,0,Own,Single,Other,0.239,0
LN5550,45,64402.56,Self-Employed,591.0,15472.97,24,1,Rent,Married,Business,0.288,1
LN5551,41,32210.88,Self-Employed,692.0,10403.2,12,4,Rent,Married,Education,0.31,0
LN5552,56,36951.36,Business Owner,617.0,14047.78,24,1,Rent,Married,Business,0.427,0
LN5553,43,39920.52,Unemployed,572.0,15204.7,60,3,Rent,Married,Education,0.333,1
LN5554,36,35194.43,Salaried,596.0,19533.79,24,1,Rent,Single,Business,0.539,0
LN5555,59,17768.15,Salaried,716.0,14188.03,24,0,Rent,Married,Business,1.002,1
LN5556,62,71811.19,Business Owner,682.0,47244.75,60,3,Rent,Married,Debt Consolidation,0.826,0
LN5557,59,91906.77,Salaried,737.0,6464.71,12,3,Own,Married,Education,0.077,0
LN5558,34,22943.17,Self-Employed,682.0,21008.56,48,1,Rent,Married,Medical,1.054,0
LN5559,51,91301.86,Self-Employed,505.0,13033.18,24,1,Rent,Single,Debt Consolidation,0.175,0
LN5560,25,46559.6,Self-Employed,840.0,13376.94,12,0,Mortgage,Married,Business,0.368,0
LN5561,55,50438.32,Unemployed,684.0,8204.64,60,2,Own,Married,Business,0.095,0
LN5562,43,49959.86,Unemployed,696.0,24627.18,12,2,Rent,Married,Medical,0.533,1
LN5563,49,52458.22,Self-Employed,616.0,19765.73,36,1,Mortgage,Married,Medical,0.38,1
LN5564,63,59054.58,Salaried,750.0,22030.48,24,1,Mortgage,Married,Business,0.312,0
LN5565,31,33023.24,Business Owner,552.0,14787.64,12,1,Rent,Single,Medical,0.453,1
LN5566,38,89084.18,Salaried,705.0,10993.54,12,0,Rent,Married,Home Improvement,0.148,0
LN5567,32,27981.8,Salaried,463.0,12836.69,12,1,Rent,Single,Debt Consolidation,0.552,0
LN5568,29,40093.38,Business Owner,711.0,17328.01,12,0,Mortgage,Married,Education,0.539,0
LN5569,30,63712.26,Salaried,553.0,4010.43,48,0,Mortgage,Single,Medical,0.052,0
LN5570,64,38002.32,Salaried,675.0,22556.08,36,2,Own,Single,Medical,0.631,0
LN5571,37,72313.46,Salaried,772.0,57280.51,24,3,Mortgage,Married,Home Improvement,0.676,0
LN5572,58,97531.73,Business Owner,724.0,17822.22,36,2,Own,Married,Education,0.165,0
LN5573,27,81330.23,Salaried,760.0,11287.42,60,2,Rent,Married,Home Improvement,0.173,0
LN5574,33,18619.08,Self-Employed,751.0,12127.84,60,1,Mortgage,Married,Education,0.683,0
LN5575,60,52204.47,Salaried,603.0,20425.21,48,0,Own,Married,Debt Consolidation,0.461,0
LN5576,62,81989.08,Business Owner,704.0,11441.78,48,0,Mortgage,Married,Medical,0.116,0
LN5577,29,25377.69,Business Owner,495.0,22498.53,24,3,Mortgage,Married,Debt Consolidation,0.894,1
LN5578,47,70389.92,Salaried,588.0,12034.29,24,2,Mortgage,Married,Education,0.194,0
LN5579,22,68441.21,Salaried,775.0,37365.76,36,1,Own,Married,Medical,0.473,0
LN5580,25,26741.05,Salaried,615.0,36752.36,36,0,Rent,Married,Home Improvement,1.323,1
LN5581,49,74392.94,Unemployed,482.0,10958.8,36,2,Mortgage,Divorced,Business,0.123,0
LN5582,57,56181.84,Self-Employed,831.0,12725.79,36,0,Own,Single,Home Improvement,0.255,0
LN5583,58,67859.24,Unemployed,701.0,13181.62,60,0,Own,Divorced,Business,0.25,0
LN5584,39,30237.67,Salaried,719.0,13288.05,48,0,Mortgage,Single,Home Improvement,0.533,0
LN5585,28,52842.34,Business Owner,562.0,7566.93,36,0,Own,Single,Education,0.184,0
LN5586,21,20901.18,Business Owner,676.0,6957.97,48,1,Own,Single,Debt Consolidation,0.407,0
LN5587,42,15701.39,Self-Employed,673.0,28278.43,24,2,Mortgage,Married,Business,1.48,0
LN5588,37,52596.99,Unemployed,576.0,25690.39,12,0,Rent,Single,Education,0.532,0
LN5589,27,84990.84,Salaried,635.0,25425.62,24,0,Own,Divorced,Debt Consolidation,0.317,0
LN5590,45,55629.47,Salaried,515.0,12815.02,36,1,Mortgage,Married,Debt Consolidation,0.231,0
LN5591,24,47490.12,Self-Employed,619.0,41573.04,12,0,Mortgage,Married,Medical,1.058,0
LN5592,56,44633.19,Self-Employed,738.0,13180.83,48,0,Own,Married,Medical,0.263,1
LN5593,26,30598.84,Self-Employed,583.0,22420.38,24,4,Mortgage,Divorced,Medical,0.607,0
LN5594,51,43873.67,Salaried,822.0,5807.04,36,1,Own,Married,Business,0.169,0
LN5595,39,60526.84,Salaried,521.0,11639.49,12,0,Own,Married,Business,0.154,0
LN5596,64,39434.21,Salaried,627.0,12167.3,24,0,Mortgage,Married,Debt Consolidation,0.398,0
LN5597,59,71345.78,Salaried,591.0,12844.97,48,0,Own,Married,Business,0.21,0
LN5598,47,54067.44,Self-Employed,634.0,6031.2,36,0,Own,Married,Debt Consolidation,0.108,0
LN5599,30,57439.63,Self-Employed,773.0,20380.39,60,0,Mortgage,Single,Education,0.408,0
LN5600,46,76445.35,Salaried,646.0,24764.49,60,1,Rent,Married,Home Improvement,0.392,1
LN5601,39,37670.11,Salaried,609.0,8549.98,24,2,Rent,Single,Debt Consolidation,0.209,0
LN5602,59,68165.26,Salaried,709.0,6711.62,24,1,Rent,Single,Debt Consolidation,0.117,0
LN5603,23,40407.13,Salaried,658.0,8422.27,48,0,Rent,Married,Education,0.251,0
LN5604,33,58090.49,Business Owner,666.0,17985.11,60,0,Rent,Divorced,Medical,0.286,0
LN5605,48,35493.84,Unemployed,563.0,9339.78,36,2,Rent,Divorced,Other,0.216,1
LN5606,40,31090.2,Salaried,644.0,12327.17,48,0,Rent,Married,Medical,0.358,0
LN5607,48,51324.96,Business Owner,752.0,7015.82,48,1,Mortgage,Married,Medical,0.123,0
LN5608,28,19099.17,Business Owner,505.0,43808.01,24,1,Own,Single,Debt Consolidation,1.48,1
LN5609,61,42271.41,Business Owner,587.0,13959.55,36,1,Rent,Married,Debt Consolidation,0.384,0
LN5610,59,21956.35,Salaried,487.0,26630.95,48,1,Rent,Single,Business,1.201,1
LN5611,21,72375.06,Unemployed,698.0,17959.99,36,2,Mortgage,Single,Business,0.308,0
LN5612,23,82872.23,Salaried,760.0,13028.21,12,6,Rent,Married,Home Improvement,0.146,0
LN5613,33,31825.54,Salaried,633.0,12629.65,24,4,Mortgage,Single,Home Improvement,0.407,0
LN5614,48,60727.78,Salaried,560.0,8646.01,12,3,Mortgage,Single,Other,0.159,0
LN5615,45,76846.7,Salaried,562.0,10195.71,24,4,Mortgage,Married,Business,0.164,1
LN5616,53,76974.9,Salaried,623.0,7297.73,60,0,Mortgage,Single,Debt Consolidation,0.101,0
LN5617,58,54569.23,Salaried,623.0,6835.47,12,2,Mortgage,Single,Education,0.124,0
LN5618,26,70767.3,Salaried,732.0,46715.22,24,0,Rent,Single,Business,0.814,0
LN5619,64,35430.71,Business Owner,590.0,15793.4,24,4,Rent,Single,Debt Consolidation,0.426,1
LN5620,52,51101.1,Business Owner,689.0,32190.62,36,1,Rent,Single,Business,0.529,0
LN5621,41,38810.58,Salaried,623.0,8296.28,36,1,Own,Married,Medical,0.219,0
LN5622,36,48969.75,Business Owner,583.0,6304.62,24,2,Rent,Single,Business,0.221,0
LN5623,41,49912.75,Business Owner,620.0,7430.39,24,1,Mortgage,Married,Other,0.121,0
LN5624,31,58323.78,Business Owner,680.0,10370.88,24,1,Mortgage,Single,Medical,0.194,0
LN5625,57,87706.77,Salaried,732.0,13655.53,36,0,Rent,Married,Debt Consolidation,0.171,0
LN5626,56,55970.37,Self-Employed,627.0,12203.01,24,1,Mortgage,Married,Medical,0.276,0
LN5627,55,67573.1,Unemployed,542.0,8400.83,60,2,Own,Married,Business,0.117,0
LN5628,39,67957.76,Self-Employed,740.0,14081.67,36,0,Mortgage,Married,Medical,0.195,0
LN5629,40,187919.17,Salaried,569.0,14842.23,12,2,Rent,Divorced,Other,0.081,0
LN5630,38,19830.65,Salaried,673.0,20360.78,48,2,Mortgage,Single,Education,1.005,0
LN5631,61,50642.455,Self-Employed,648.0,32281.82,24,0,Rent,Married,Medical,1.085,0
LN5632,34,102439.54,Salaried,636.0,10739.28,36,2,Rent,Divorced,Other,0.118,0
LN5633,35,41109.46,Salaried,606.0,27702.79,24,2,Rent,Single,Medical,0.795,0
LN5634,51,76336.13,Salaried,706.0,13898.87,36,3,Rent,Single,Home Improvement,0.22,0
LN5635,21,54995.4,Business Owner,328.0,5343.35,48,1,Mortgage,Single,Education,0.123,0
LN5636,23,140449.21,Business Owner,752.0,38947.21,60,1,Own,Married,Debt Consolidation,0.282,0
LN5637,36,28098.54,Salaried,568.0,52235.72,24,1,Mortgage,Single,Other,1.48,1
LN5638,43,90300.68,Unemployed,687.0,19369.56,24,2,Mortgage,Single,Medical,0.195,0
LN5639,31,117570.17,Salaried,682.0,14099.17,36,2,Rent,Married,Education,0.139,0
LN5640,32,29519.03,Self-Employed,765.0,11352.09,60,2,Own,Married,Debt Consolidation,0.41,0
LN5641,30,72506.76,Business Owner,668.0,10113.55,60,1,Mortgage,Single,Education,0.169,0
LN5642,52,30249.99,Business Owner,575.0,27623.46,12,1,Rent,Single,Other,0.948,0
LN5643,36,49765.68,Unemployed,506.0,13221.98,12,1,Rent,Married,Home Improvement,0.317,0
LN5644,28,43118.44,Salaried,619.0,36474.33,36,2,Rent,Divorced,Other,1.07,1
LN5645,58,15000.0,Business Owner,474.0,13642.12,12,3,Rent,Married,Other,1.061,0
LN5646,32,60604.06,Salaried,593.0,10431.57,24,2,Rent,Married,Debt Consolidation,0.204,0
LN5647,44,52663.06,Self-Employed,624.0,9313.5,12,1,Rent,Single,Debt Consolidation,0.147,0
LN5648,48,102697.13,Self-Employed,588.0,8550.72,36,0,Mortgage,Single,Medical,0.075,0
LN5649,28,66540.88,Self-Employed,654.0,18187.46,60,4,Rent,Married,Business,0.352,0
LN5650,48,154113.09,Salaried,629.0,6144.45,60,0,Mortgage,Married,Other,0.046,0
LN5651,56,51715.93,Business Owner,621.0,8176.32,24,2,Own,Married,Debt Consolidation,0.171,0
LN5652,46,46501.27,Salaried,432.0,29575.14,36,2,Mortgage,Married,Other,0.625,0
LN5653,28,44704.15,Salaried,533.0,7534.67,48,2,Rent,Divorced,Other,0.139,0
LN5654,48,39348.21,Self-Employed,708.0,22418.08,12,2,Rent,Single,Debt Consolidation,0.561,0
LN5655,48,16254.49,Salaried,722.0,3874.58,36,2,Own,Single,Home Improvement,0.25,0
LN5656,57,43910.23,Business Owner,485.0,31890.14,36,0,Own,Single,Home Improvement,0.658,1
LN5657,61,17432.17,Salaried,577.0,6234.55,24,0,Rent,Single,Other,0.317,0
LN5658,56,61452.31,Salaried,746.0,7896.41,36,1,Rent,Single,Home Improvement,0.135,0
LN5659,47,26369.67,Business Owner,585.0,20094.58,12,1,Mortgage,Divorced,Other,0.833,0
LN5660,37,31345.74,Salaried,640.0,15713.02,36,1,Mortgage,Single,Medical,0.461,0
LN5661,29,35076.79,Salaried,780.0,22856.54,24,1,Rent,Single,Debt Consolidation,0.713,0
LN5662,53,44246.54,Self-Employed,617.0,6204.58,24,1,Mortgage,Single,Other,0.175,0
LN5663,40,49189.43,Salaried,605.0,11247.68,12,1,Rent,Divorced,Home Improvement,0.237,0
LN5664,33,84308.65,Self-Employed,636.0,9225.74,48,0,Own,Married,Home Improvement,0.134,0
LN5665,48,36725.81,Salaried,817.0,6862.91,36,1,Own,Divorced,Education,0.236,0
LN5666,49,62322.21,Business Owner,690.0,19101.81,36,2,Own,Divorced,Education,0.259,0
LN5667,33,192035.13,Business Owner,652.0,23525.28,36,3,Mortgage,Married,Home Improvement,0.104,0
LN5668,55,59199.91,Self-Employed,603.0,10914.86,36,1,Own,Single,Medical,0.191,0
LN5669,26,44790.67,Salaried,646.0,33310.46,24,2,Own,Single,Business,0.814,0
LN5670,38,33203.95,Business Owner,709.0,8338.01,48,4,Rent,Single,Other,0.254,1
LN5671,25,44481.75,Self-Employed,553.0,32829.42,12,0,Own,Married,Education,0.711,0
LN5672,45,31473.14,Self-Employed,712.0,18719.92,12,1,Rent,Single,Other,0.666,0
LN5673,22,56068.57,Salaried,636.0,6411.57,48,1,Mortgage,Single,Education,0.092,0
LN5674,30,51625.55,Business Owner,652.0,43866.87,24,4,Rent,Married,Debt Consolidation,1.091,0
LN5675,50,16628.78,Self-Employed,570.0,10232.39,24,0,Own,Married,Debt Consolidation,0.564,0
LN5676,25,48568.04,Salaried,614.0,27531.07,36,1,Own,Married,Home Improvement,0.713,0
LN5677,53,83958.1,Salaried,557.0,14579.76,36,1,Mortgage,Single,Debt Consolidation,0.148,0
LN5678,21,40152.66,Business Owner,553.0,16725.08,48,2,Mortgage,Married,Debt Consolidation,0.383,1
LN5679,38,35367.61,Salaried,684.0,22941.99,36,1,Rent,Married,Business,0.595,0
LN5680,52,24615.94,Unemployed,618.0,22192.52,36,2,Rent,Single,Medical,1.17,1
LN5681,31,19360.77,Self-Employed,533.0,10880.33,48,1,Rent,Married,Home Improvement,0.451,1
LN5682,41,74285.77,Self-Employed,846.0,18379.65,24,1,Mortgage,Divorced,Business,0.277,0
LN5683,46,44768.54,Salaried,549.0,17570.21,24,1,Rent,Single,Home Improvement,0.485,0
LN5684,45,72114.53,Salaried,748.0,15186.11,36,0,Rent,Single,Medical,0.239,0
LN5685,42,105415.17,Unemployed,517.0,11825.46,24,0,Rent,Married,Home Improvement,0.11,0
LN5686,47,77701.03,Salaried,646.0,15167.93,60,1,Rent,Single,Other,0.25,0
LN5687,33,37377.11,Business Owner,627.0,43500.36,48,2,Own,Divorced,Other,1.451,1
LN5688,53,52703.33,Salaried,593.0,11192.33,24,1,Mortgage,Single,Other,0.216,0
LN5689,54,36048.25,Salaried,668.0,27555.36,12,0,Mortgage,Married,Debt Consolidation,0.831,0
LN5690,61,34401.51,Salaried,656.0,9211.59,12,2,Rent,Married,Medical,0.344,1
LN5691,55,58186.44,Salaried,577.0,7873.13,24,1,Mortgage,Married,Business,0.175,0
LN5692,21,32333.3,Unemployed,573.0,95400.55,12,2,Rent,Single,Business,1.48,1
LN5693,41,16243.11,Salaried,508.0,18472.06,36,1,Mortgage,Single,Education,1.392,1
LN5694,26,31442.82,Salaried,678.0,18779.25,48,2,Own,Single,Business,0.568,0
LN5695,48,42047.68,Salaried,537.0,19094.14,48,0,Own,Single,Other,0.448,1
LN5696,37,104893.33,Salaried,650.0,31081.87,24,3,Mortgage,Single,Other,0.261,0
LN5697,25,38350.82,Salaried,703.0,17063.31,24,0,Rent,Married,Education,0.402,0
LN5698,51,63320.35,Business Owner,669.0,21801.48,36,3,Mortgage,Single,Debt Consolidation,0.389,0
LN5699,25,45064.31,Salaried,585.0,7078.8,48,2,Rent,Married,Business,0.166,0
LN5700,58,90508.82,Salaried,732.0,24109.33,48,0,Own,Married,Medical,0.244,0
LN5701,23,87426.02,Salaried,613.0,11590.53,60,0,Own,Married,Education,0.133,0
LN5702,43,88264.0,Unemployed,530.0,19991.16,36,1,Rent,Divorced,Business,0.223,0
LN5703,57,20599.21,Salaried,624.0,4773.94,36,1,Mortgage,Single,Debt Consolidation,0.3,1
LN5704,57,54358.81,Salaried,703.0,19498.79,12,1,Rent,Divorced,Medical,0.44,0
LN5705,30,71644.33,Self-Employed,589.0,3480.26,36,1,Rent,Married,Medical,0.048,0
LN5706,30,59324.0,Self-Employed,729.0,11321.41,24,1,Rent,Married,Debt Consolidation,0.24,0
LN5707,39,67393.12,Salaried,581.0,4801.43,36,4,Own,Married,Business,0.069,0
LN5708,37,50472.08,Salaried,593.0,19532.25,36,5,Mortgage,Married,Home Improvement,0.439,0
LN5709,41,33779.45,Business Owner,556.0,13926.68,24,0,Rent,Single,Business,0.529,0
LN5710,34,20982.65,Salaried,712.0,8412.95,12,0,Rent,Single,Education,0.399,0
LN5711,29,35497.42,Business Owner,646.0,31591.55,12,0,Rent,Married,Education,1.014,0
LN5712,21,187035.73,Self-Employed,562.0,7800.94,12,4,Own,Divorced,Business,0.04,0
LN5713,33,38452.32,Salaried,614.0,2167.4,12,1,Own,Married,Other,0.053,0
LN5714,24,18403.66,Salaried,374.0,18181.88,12,3,Mortgage,Single,Education,1.074,1
LN5715,21,70708.76,Salaried,720.0,4628.74,24,1,Rent,Married,Home Improvement,0.084,0
LN5716,60,75186.73,Business Owner,635.0,7950.53,24,1,Mortgage,Married,Other,0.109,0
LN5717,52,93308.1,Salaried,433.0,9794.65,60,2,Own,Single,Home Improvement,0.133,0
LN5718,54,62037.19,Salaried,519.0,5685.1,24,2,Rent,Single,Medical,0.115,0
LN5719,48,74817.03,Self-Employed,612.0,9934.45,12,1,Mortgage,Single,Education,0.123,0
LN5720,51,123020.78,Unemployed,532.0,5749.29,36,0,Own,Divorced,Other,0.047,0
LN5721,28,33767.81,Salaried,721.0,14726.88,48,1,Own,Married,Business,0.489,0
LN5722,59,30579.18,Unemployed,688.0,6391.68,36,2,Mortgage,Single,Other,0.221,1
LN5723,46,28359.2,Salaried,682.0,13603.57,24,2,Mortgage,Single,Medical,0.407,0
LN5724,54,42920.94,Salaried,416.0,26828.09,36,0,Mortgage,Married,Home Improvement,0.811,0
LN5725,23,100379.29,Salaried,603.0,21363.17,48,1,Own,Divorced,Medical,0.25,0
LN5726,32,63833.55,Salaried,587.0,12720.54,48,2,Own,Married,Debt Consolidation,0.203,0
LN5727,21,62589.07,Salaried,564.0,7381.69,36,3,Mortgage,Married,Education,0.131,0
LN5728,64,19738.89,Salaried,613.0,14698.58,48,3,Rent,Single,Business,0.628,0
LN5729,25,34662.25,Unemployed,549.0,8800.54,48,0,Own,Married,Home Improvement,0.266,0
LN5730,50,19578.18,Business Owner,669.0,15073.21,36,1,Mortgage,Single,Medical,0.974,0
LN5731,50,88046.72,Self-Employed,719.0,4773.47,36,2,Own,Married,Business,0.068,0
LN5732,37,108317.63,Salaried,711.0,21684.58,36,2,Own,Single,Education,0.194,0
LN5733,43,72387.1,Salaried,638.0,13628.66,48,3,Own,Married,Business,0.201,0
LN5734,35,29929.71,Salaried,830.0,50267.3,12,1,Own,Single,Education,1.48,0
LN5735,57,102848.39,Self-Employed,753.0,29250.06,60,1,Rent,Married,Education,0.276,0
LN5736,41,43190.36,Unemployed,641.0,18764.31,24,2,Mortgage,Single,Education,0.362,0
LN5737,34,26709.39,Salaried,607.0,12401.89,36,2,Rent,Married,Medical,0.489,1
LN5738,22,30266.53,Salaried,770.0,8623.42,48,1,Own,Married,Education,0.314,0
LN5739,31,39534.21,Salaried,741.0,23516.22,24,0,Own,Single,Business,0.478,0
LN5740,59,50251.18,Salaried,523.0,11641.34,36,0,Mortgage,Divorced,Debt Consolidation,0.196,1
LN5741,58,45221.5,Salaried,748.0,26930.61,12,2,Rent,Married,Business,0.538,0
LN5742,54,24189.3,Self-Employed,636.0,16991.93,24,1,Mortgage,Married,Medical,0.684,0
LN5743,58,89918.43,Self-Employed,573.0,17065.23,24,1,Mortgage,Married,Education,0.203,0
LN5744,54,45464.95,Salaried,472.0,19086.1,24,1,Mortgage,Divorced,Debt Consolidation,0.398,0
LN5745,38,34307.63,Salaried,626.0,7694.21,24,1,Own,Married,Medical,0.21,0
LN5746,50,85404.25,Unemployed,649.0,7235.24,60,2,Rent,Divorced,Home Improvement,0.105,0
LN5747,35,27127.33,Salaried,646.0,7086.69,60,0,Mortgage,Single,Home Improvement,0.228,0
LN5748,47,21710.58,Salaried,736.0,25046.72,12,2,Rent,Single,Home Improvement,1.209,1
LN5749,54,92618.46,Salaried,598.0,7574.69,48,1,Rent,Married,Debt Consolidation,0.104,0
LN5750,58,126208.92,Salaried,685.0,8162.49,12,1,Mortgage,Single,Business,0.072,0
LN5751,53,38907.88,Salaried,724.0,18444.29,12,2,Own,Married,Debt Consolidation,0.549,0
LN5752,44,47906.91,Business Owner,658.0,11484.69,12,2,Rent,Single,Debt Consolidation,0.243,0
LN5753,35,27630.28,Salaried,597.0,10637.32,60,1,Own,Married,Debt Consolidation,0.312,0
LN5754,50,49155.61,Salaried,602.0,10097.74,60,1,Mortgage,Married,Home Improvement,0.231,0
LN5755,62,38644.02,Self-Employed,685.0,3309.73,24,0,Rent,Married,Other,0.096,0
LN5756,37,46580.43,Salaried,687.0,7479.12,24,1,Rent,Divorced,Business,0.137,0
LN5757,25,60151.95,Business Owner,624.0,27144.72,24,1,Rent,Married,Other,0.465,0
LN5758,49,28308.78,Business Owner,414.0,9665.92,36,1,Rent,Single,Other,0.429,1
LN5759,24,40908.55,Salaried,534.0,4271.44,36,2,Own,Single,Debt Consolidation,0.094,0
LN5760,30,19892.72,Business Owner,706.0,7296.89,24,1,Mortgage,Single,Business,0.378,0
LN5761,37,41048.37,Salaried,458.0,16579.34,48,0,Own,Married,Other,0.416,0
LN5762,30,46783.36,Unemployed,757.0,16383.35,24,1,Rent,Single,Education,0.422,0
LN5763,37,54967.16,Salaried,743.0,11197.34,60,3,Rent,Single,Debt Consolidation,0.247,0
LN5764,40,55259.1,Unemployed,654.0,8835.01,36,3,Mortgage,Divorced,Debt Consolidation,0.189,0
LN5765,44,77030.86,Business Owner,704.0,5759.94,36,0,Own,Married,Debt Consolidation,0.073,0
LN5766,25,22701.06,Salaried,698.0,16662.42,48,2,Mortgage,Single,Education,0.614,0
LN5767,54,23315.22,Salaried,639.0,22086.51,48,0,Rent,Single,Education,0.923,0
LN5768,26,63861.95,Unemployed,526.0,28950.07,24,2,Mortgage,Divorced,Home Improvement,0.517,1
LN5769,22,17685.84,Business Owner,737.0,6861.27,24,3,Own,Divorced,Medical,0.447,0
LN5770,33,53725.88,Salaried,777.0,30312.45,60,0,Rent,Single,Business,0.724,0
LN5771,63,27169.59,Self-Employed,541.0,12913.55,24,1,Rent,Married,Medical,0.488,0
LN5772,63,107624.9,Salaried,523.0,13574.43,12,1,Own,Married,Debt Consolidation,0.141,0
LN5773,31,55560.41,Salaried,638.0,22837.41,36,1,Rent,Married,Other,0.44,0
LN5774,43,43933.04,Salaried,594.0,9656.9,48,0,Mortgage,Married,Debt Consolidation,0.192,0
LN5775,36,90568.38,Salaried,663.0,3647.21,48,1,Mortgage,Married,Other,0.042,0
LN5776,51,28804.85,Business Owner,759.0,20392.39,60,2,Mortgage,Divorced,Home Improvement,0.759,0
LN5777,31,31675.39,Salaried,448.0,16467.47,36,2,Rent,Single,Medical,0.663,1
LN5778,36,26089.09,Business Owner,792.0,10762.62,12,2,Rent,Single,Debt Consolidation,0.406,1
LN5779,28,31808.23,Salaried,613.0,19409.52,36,2,Own,Married,Medical,0.787,1
LN5780,24,50541.89,Salaried,696.0,21942.18,48,2,Rent,Married,Home Improvement,0.465,1
LN5781,60,62753.9,Salaried,706.0,5392.67,12,0,Own,Divorced,Medical,0.079,0
LN5782,24,79277.6,Salaried,716.0,13541.41,24,3,Rent,Single,Other,0.153,0
LN5783,45,19685.51,Salaried,656.0,3406.57,12,2,Rent,Married,Business,0.151,0
LN5784,23,44984.29,Salaried,646.0,12404.12,36,0,Own,Single,Home Improvement,0.283,0
LN5785,52,28167.32,Self-Employed,646.0,10682.42,48,5,Own,Married,Medical,0.308,0
LN5786,23,44238.75,Salaried,593.0,17946.41,36,2,Rent,Single,Debt Consolidation,0.415,0
LN5787,47,157484.42,Salaried,492.0,7017.53,60,1,Mortgage,Married,Education,0.058,0
LN5788,49,56722.76,Salaried,540.0,10374.52,12,2,Rent,Married,Education,0.208,1
LN5789,52,76859.36,Business Owner,641.0,1939.85,60,2,Mortgage,Single,Home Improvement,0.03,0
LN5790,39,130658.93,Unemployed,579.0,18666.81,48,1,Rent,Single,Education,0.123,0
LN5791,41,86135.69,Salaried,579.0,12669.59,24,0,Mortgage,Married,Business,0.152,0
LN5792,25,39184.74,Salaried,812.0,14077.67,60,1,Mortgage,Married,Home Improvement,0.339,0
LN5793,38,25902.22,Salaried,727.0,5453.11,24,3,Mortgage,Single,Debt Consolidation,0.263,0
LN5794,48,48287.49,Unemployed,627.0,16963.81,48,0,Rent,Single,Debt Consolidation,0.313,0
LN5795,62,36906.65,Salaried,710.0,36013.52,48,1,Mortgage,Single,Home Improvement,1.004,0
LN5796,42,22873.62,Salaried,612.0,11956.76,48,3,Own,Divorced,Education,0.572,1
LN5797,41,55296.37,Salaried,646.0,19733.11,36,1,Rent,Single,Education,0.377,0
LN5798,26,55990.83,Salaried,690.0,7923.81,12,0,Rent,Single,Debt Consolidation,0.172,0
LN5799,21,118724.19,Salaried,612.0,12757.65,36,1,Own,Married,Business,0.098,1
LN5800,25,40909.54,Business Owner,588.0,5330.48,24,1,Rent,Married,Other,0.129,0
LN5801,61,56390.77,Salaried,760.0,21436.99,48,0,Rent,Single,Education,0.455,0
LN5802,32,35145.69,Self-Employed,705.0,14704.43,48,1,Own,Divorced,Business,0.445,0
LN5803,46,75855.44,Salaried,447.0,6428.06,60,0,Own,Married,Education,0.085,0
LN5804,54,46059.58,Salaried,590.0,8257.55,12,1,Rent,Married,Other,0.146,0
LN5805,34,27274.41,Unemployed,580.0,13858.47,48,1,Rent,Single,Home Improvement,0.598,0
LN5806,46,48691.71,Salaried,594.0,23256.01,60,2,Own,Divorced,Medical,0.614,0
LN5807,47,59591.1,Business Owner,728.0,32458.46,48,2,Mortgage,Single,Debt Consolidation,0.605,1
LN5808,29,55694.5,Salaried,652.0,12326.72,12,2,Mortgage,Single,Home Improvement,0.272,0
LN5809,46,82697.81,Salaried,525.0,5891.18,12,1,Mortgage,Single,Education,0.075,0
LN5810,42,23765.06,Unemployed,616.0,15414.73,12,1,Own,Married,Other,0.594,0
LN5811,50,32164.82,Salaried,699.0,38984.89,36,1,Own,Married,Debt Consolidation,0.978,0
LN5812,63,67500.73,Business Owner,630.0,5046.0,36,1,Rent,Married,Medical,0.084,0
LN5813,37,34110.67,Salaried,592.0,7534.46,60,3,Rent,Single,Medical,0.231,0
LN5814,46,55283.82,Business Owner,680.0,19275.28,24,2,Mortgage,Married,Other,0.415,0
LN5815,56,15000.0,Salaried,796.0,14649.47,24,3,Mortgage,Married,Other,1.12,0
LN5816,21,190607.82,Salaried,692.0,9633.37,36,2,Mortgage,Single,Education,0.065,0
LN5817,28,42836.28,Business Owner,767.0,15245.94,48,3,Mortgage,Married,Debt Consolidation,0.376,0
LN5818,55,89052.21,Unemployed,598.0,24017.24,60,1,Rent,Single,Education,0.273,0
LN5819,35,41421.32,Unemployed,649.0,12594.28,48,2,Rent,Married,Medical,0.287,0
LN5820,42,60315.79,Business Owner,647.0,11948.91,36,1,Own,Single,Home Improvement,0.206,0
LN5821,34,103358.61,Business Owner,661.0,19023.2,36,0,Mortgage,Married,Home Improvement,0.228,0
LN5822,46,87807.57,Salaried,690.0,11358.15,48,1,Mortgage,Divorced,Business,0.106,0
LN5823,48,44257.16,Salaried,567.0,26516.28,36,1,Rent,Divorced,Medical,0.772,0
LN5824,43,45815.28,Salaried,708.0,45073.23,24,3,Mortgage,Single,Medical,1.276,0
LN5825,34,80965.89,Salaried,503.0,7818.4,24,2,Rent,Married,Education,0.106,0
LN5826,44,157412.06,Salaried,530.0,6310.59,12,1,Rent,Single,Business,0.039,0
LN5827,22,53967.72,Salaried,842.0,16697.79,48,1,Mortgage,Divorced,Other,0.282,0
LN5828,46,130422.16,Salaried,604.0,6177.68,12,2,Rent,Married,Business,0.044,0
LN5829,34,43446.81,Self-Employed,716.0,6114.72,24,0,Rent,Single,Debt Consolidation,0.116,0
LN5830,27,78903.45,Salaried,803.0,3906.81,24,3,Rent,Single,Education,0.051,0
LN5831,23,85014.57,Salaried,442.0,10621.64,36,0,Rent,Divorced,Other,0.104,0
LN5832,43,39935.45,Salaried,751.0,13097.88,24,1,Mortgage,Married,Other,0.38,0
LN5833,63,33740.73,Business Owner,708.0,9794.56,36,0,Mortgage,Single,Home Improvement,0.286,0
LN5834,38,86915.75,Self-Employed,798.0,30767.06,12,1,Rent,Single,Debt Consolidation,0.318,0
LN5835,58,37579.78,Self-Employed,646.0,29423.01,12,0,Rent,Single,Business,0.84,0
LN5836,55,31345.47,Salaried,781.0,42502.0,36,1,Rent,Married,Home Improvement,1.48,0
LN5837,35,47508.68,Salaried,583.0,13737.95,24,0,Own,Divorced,Medical,0.453,0
LN5838,45,37503.64,Salaried,745.0,27181.49,24,0,Rent,Divorced,Education,0.758,0
LN5839,57,75230.24,Salaried,647.0,16079.68,12,0,Own,Married,Business,0.254,0
LN5840,48,63419.16,Salaried,719.0,15139.0,48,2,Mortgage,Married,Medical,0.279,0
LN5841,30,70110.59,Salaried,654.0,10092.71,36,1,Own,Married,Other,0.179,0
LN5842,59,60517.62,Salaried,484.0,3436.17,12,0,Own,Single,Business,0.051,0
LN5843,37,36427.52,Unemployed,369.0,19582.17,12,0,Own,Divorced,Home Improvement,0.661,1
LN5844,59,69463.13,Unemployed,669.0,26701.68,60,2,Rent,Single,Debt Consolidation,0.365,0
LN5845,42,88541.52,Salaried,626.0,5348.81,36,1,Mortgage,Single,Home Improvement,0.077,0
LN5846,46,65660.42,Salaried,686.0,13282.21,36,1,Own,Divorced,Education,0.19,0
LN5847,64,61379.3,Salaried,627.0,24221.31,48,2,Mortgage,Single,Education,0.499,0
LN5848,45,33405.4,Salaried,832.0,10767.64,48,3,Own,Married,Business,0.413,0
LN5849,37,54497.41,Unemployed,671.0,27333.33,48,0,Rent,Divorced,Home Improvement,0.438,0
LN5850,33,32528.74,Salaried,610.0,12281.26,36,2,Mortgage,Married,Debt Consolidation,0.486,0
LN5851,40,48435.39,Business Owner,680.0,9748.85,36,1,Mortgage,Single,Other,0.17,0
LN5852,45,21587.43,Salaried,611.0,28287.41,12,1,Rent,Single,Education,1.191,1
LN5853,24,21670.8,Unemployed,658.0,7629.27,60,1,Rent,Single,Debt Consolidation,0.36,0
LN5854,30,44554.84,Salaried,540.0,8647.78,36,3,Rent,Married,Medical,0.252,0
LN5855,23,37263.89,Business Owner,649.0,7806.19,24,2,Rent,Married,Business,0.219,0
LN5856,61,51709.33,Salaried,607.0,6730.76,60,0,Rent,Married,Debt Consolidation,0.14,0
LN5857,38,45826.4,Self-Employed,549.0,14644.5,60,1,Own,Married,Business,0.367,0
LN5858,56,49766.4,Salaried,828.0,9820.62,60,1,Rent,Married,Medical,0.253,0
LN5859,42,66456.56,Salaried,552.0,17910.96,48,1,Rent,Married,Debt Consolidation,0.321,0
LN5860,54,38885.06,Unemployed,651.0,4718.36,60,0,Mortgage,Divorced,Debt Consolidation,0.111,0
LN5861,28,43926.72,Unemployed,578.0,6812.21,24,1,Rent,Single,Other,0.148,0
LN5862,60,101469.2,Business Owner,677.0,13779.64,48,1,Rent,Married,Medical,0.115,0
LN5863,64,49096.45,Self-Employed,535.0,32267.26,48,4,Own,Married,Home Improvement,0.738,1
LN5864,39,44819.33,Business Owner,726.0,16765.88,24,1,Own,Single,Debt Consolidation,0.333,0
LN5865,62,51085.52,Salaried,833.0,9380.29,12,2,Rent,Single,Other,0.171,0
LN5866,61,45221.04,Salaried,574.0,5465.88,60,1,Mortgage,Single,Debt Consolidation,0.15,1
LN5867,57,34379.44,Salaried,760.0,9056.99,24,1,Mortgage,Married,Other,0.254,0
LN5868,26,29761.92,Self-Employed,616.0,13023.48,48,1,Rent,Single,Education,0.474,0
LN5869,46,33465.97,Salaried,786.0,3246.67,12,2,Mortgage,Divorced,Home Improvement,0.097,0
LN5870,54,75845.95,Salaried,847.0,6450.92,12,0,Own,Married,Debt Consolidation,0.071,0
LN5871,26,35776.53,Self-Employed,629.0,8582.38,36,0,Rent,Divorced,Medical,0.235,0
LN5872,57,45366.88,Business Owner,646.0,11447.82,24,2,Rent,Single,Business,0.253,1
LN5873,53,69589.44,Salaried,735.0,12931.2,36,2,Own,Single,Medical,0.232,0
LN5874,42,42650.93,Salaried,670.0,9260.19,36,2,Rent,Single,Home Improvement,0.209,0
LN5875,41,67284.2,Salaried,695.0,18097.41,12,2,Own,Single,Education,0.266,0
LN5876,26,22688.27,Salaried,619.0,14397.71,24,4,Mortgage,Divorced,Education,0.756,1
LN5877,26,45878.03,Salaried,570.0,10699.6,24,0,Own,Single,Education,0.275,0
LN5878,24,50993.22,Self-Employed,754.0,19658.5,24,2,Rent,Married,Other,0.462,0
LN5879,50,49591.23,Self-Employed,679.0,18716.57,48,0,Mortgage,Single,Medical,0.482,0
LN5880,31,21451.3,Self-Employed,520.0,5584.34,36,0,Mortgage,Married,Business,0.312,1
LN5881,50,89460.85,Salaried,712.0,13105.45,12,1,Rent,Married,Business,0.147,0
LN5882,51,31973.53,Business Owner,694.0,22791.8,36,2,Own,Married,Other,0.863,1
LN5883,44,57960.59,Salaried,621.0,25197.34,12,0,Rent,Married,Debt Consolidation,0.458,0
LN5884,29,49216.4,Salaried,796.0,16689.67,12,0,Mortgage,Single,Other,0.318,0
LN5885,23,80971.68,Business Owner,594.0,11614.7,24,0,Rent,Divorced,Business,0.136,0
LN5886,51,146348.26,Salaried,635.0,17202.19,48,0,Mortgage,Married,Business,0.107,0
LN5887,60,25714.69,Salaried,719.0,21691.25,60,1,Own,Married,Debt Consolidation,0.736,0
LN5888,57,35438.11,Business Owner,657.0,14321.24,48,0,Own,Married,Medical,0.361,0
LN5889,56,53881.7,Salaried,525.0,15323.8,24,0,Rent,Divorced,Medical,0.236,0
LN5890,44,28206.94,Self-Employed,667.0,11500.18,24,0,Rent,Married,Home Improvement,0.507,0
LN5891,51,72481.84,Salaried,613.0,5990.49,36,4,Mortgage,Married,Medical,0.105,1
LN5892,26,74733.69,Self-Employed,727.0,12032.68,48,1,Rent,Married,Education,0.176,0
LN5893,22,64843.02,Salaried,664.0,8899.33,60,1,Mortgage,Single,Education,0.167,0
LN5894,40,55176.41,Salaried,659.0,8916.4,12,1,Rent,Married,Home Improvement,0.144,0
LN5895,48,97231.93,Self-Employed,556.0,31580.68,12,1,Rent,Married,Business,0.406,1
LN5896,31,27506.77,Salaried,629.0,23645.65,36,1,Rent,Married,Home Improvement,0.905,0
LN5897,24,50646.94,Salaried,737.0,4836.28,48,2,Rent,Married,Debt Consolidation,0.08,0
LN5898,35,33880.62,Salaried,580.0,6967.92,48,2,Rent,Single,Home Improvement,0.179,0
LN5899,26,76493.28,Salaried,647.0,10741.42,36,3,Own,Married,Home Improvement,0.134,0
LN5900,50,19600.87,Salaried,566.0,9096.28,60,2,Rent,Divorced,Other,0.381,0
LN5901,58,48337.26,Salaried,543.0,16162.53,36,1,Rent,Divorced,Education,0.319,0
LN5902,22,57966.43,Unemployed,642.0,6335.02,60,0,Rent,Single,Debt Consolidation,0.091,0
LN5903,35,30523.55,Salaried,666.0,23744.81,60,2,Mortgage,Married,Other,0.714,1
LN5904,31,35843.05,Salaried,829.0,13011.6,48,0,Own,Married,Debt Consolidation,0.339,0
LN5905,28,49399.2,Salaried,609.0,10891.01,24,1,Mortgage,Married,Home Improvement,0.286,0
LN5906,46,79027.26,Salaried,645.0,13245.44,24,3,Rent,Married,Other,0.154,0
LN5907,64,29247.97,Unemployed,537.0,10399.31,36,3,Own,Divorced,Other,0.327,0
LN5908,25,31913.2,Salaried,705.0,3950.57,36,1,Mortgage,Married,Debt Consolidation,0.142,0
LN5909,26,86059.47,Unemployed,686.0,13455.67,48,1,Mortgage,Married,Debt Consolidation,0.192,0
LN5910,46,42766.58,Salaried,784.0,11020.94,12,0,Mortgage,Single,Medical,0.256,0
LN5911,24,50642.455,Self-Employed,750.0,7535.09,24,0,Mortgage,Single,Debt Consolidation,0.281,0
LN5912,39,70568.73,Salaried,682.0,25808.47,48,0,Own,Single,Other,0.355,0
LN5913,40,38403.41,Business Owner,608.0,19963.54,12,0,Rent,Divorced,Business,0.467,0
LN5914,53,81937.4,Self-Employed,668.0,57717.4,24,1,Rent,Married,Debt Consolidation,0.68,0
LN5915,40,35176.72,Salaried,640.0,22046.23,24,1,Own,Married,Education,0.692,0
LN5916,32,45261.08,Salaried,736.0,9080.99,36,2,Rent,Married,Medical,0.197,0
LN5917,21,78628.21,Salaried,724.0,7758.36,24,1,Rent,Married,Education,0.112,0
LN5918,46,43777.25,Unemployed,646.0,9931.0,48,2,Own,Married,Education,0.208,0
LN5919,34,71541.05,Salaried,518.0,8955.5,36,1,Mortgage,Single,Business,0.144,0
LN5920,58,47440.24,Salaried,770.0,14260.8,60,1,Rent,Married,Medical,0.293,0
LN5921,57,132038.11,Business Owner,702.0,5306.68,36,1,Mortgage,Single,Home Improvement,0.041,0
LN5922,31,107407.93,Salaried,621.0,19699.96,24,0,Rent,Single,Other,0.198,0
LN5923,56,25234.11,Unemployed,699.0,14111.11,12,0,Mortgage,Single,Other,0.639,0
LN5924,33,63647.91,Self-Employed,646.0,18388.46,12,0,Own,Single,Debt Consolidation,0.266,0
LN5925,63,32591.21,Self-Employed,769.0,6724.5,36,1,Rent,Single,Other,0.251,0
LN5926,23,53946.79,Business Owner,476.0,15490.98,12,1,Own,Married,Business,0.333,1
LN5927,53,50725.57,Salaried,614.0,29129.48,24,0,Rent,Single,Other,0.527,0
LN5928,26,28920.52,Salaried,794.0,7972.04,36,1,Own,Married,Business,0.355,0
LN5929,30,83219.94,Salaried,701.0,7842.29,24,1,Mortgage,Single,Home Improvement,0.107,0
LN5930,25,54265.91,Salaried,810.0,20479.39,24,1,Mortgage,Single,Business,0.387,0
LN5931,43,42516.97,Self-Employed,540.0,7469.4,48,2,Own,Married,Home Improvement,0.154,1
LN5932,30,39377.31,Unemployed,746.0,11614.73,60,1,Mortgage,Divorced,Home Improvement,0.315,0
LN5933,64,52569.35,Salaried,741.0,32384.64,12,0,Own,Divorced,Home Improvement,0.544,0
LN5934,22,47508.68,Salaried,499.0,7909.33,24,3,Mortgage,Divorced,Business,0.134,0
LN5935,33,46051.34,Unemployed,623.0,33747.62,60,1,Rent,Married,Home Improvement,0.736,0
LN5936,60,15000.0,Salaried,646.0,10921.96,12,0,Own,Married,Business,0.845,0
LN5937,22,49436.55,Salaried,504.0,6817.71,60,3,Rent,Married,Medical,0.124,0
LN5938,40,23843.31,Salaried,625.0,19191.5,12,0,Own,Married,Home Improvement,0.975,0
LN5939,21,44146.71,Unemployed,729.0,14251.95,48,3,Own,Single,Business,0.311,0
LN5940,57,24287.52,Self-Employed,615.0,13465.8,24,2,Rent,Married,Business,0.567,1
LN5941,29,24143.03,Business Owner,672.0,8423.4,60,2,Mortgage,Single,Business,0.414,0
LN5942,37,90904.15,Business Owner,672.0,14189.7,24,0,Mortgage,Married,Debt Consolidation,0.174,0
LN5943,29,41770.85,Salaried,649.0,3863.86,36,1,Own,Married,Debt Consolidation,0.088,0
LN5944,31,40201.88,Salaried,587.0,15233.6,12,1,Rent,Single,Home Improvement,0.376,0
LN5945,35,62396.35,Business Owner,709.0,29095.81,24,0,Rent,Single,Other,0.444,0
LN5946,44,40729.37,Salaried,507.0,4631.99,48,2,Own,Single,Medical,0.125,1
LN5947,58,140351.19,Business Owner,651.0,10466.5,36,1,Mortgage,Divorced,Other,0.072,0
LN5948,55,42765.63,Unemployed,775.0,7904.73,60,0,Rent,Single,Home Improvement,0.215,0
LN5949,50,58839.15,Self-Employed,610.0,5395.75,36,0,Mortgage,Single,Education,0.1,1
LN5950,51,79655.84,Self-Employed,585.0,3898.22,48,0,Own,Divorced,Education,0.043,0
LN5951,25,109220.78,Business Owner,715.0,6578.08,36,4,Mortgage,Married,Medical,0.058,0
LN5952,64,33826.4,Business Owner,665.0,11551.54,60,5,Own,Single,Medical,0.311,1
LN5953,34,39775.97,Salaried,717.0,26621.71,60,3,Mortgage,Single,Medical,0.666,0
LN5954,31,92715.96,Salaried,653.0,5358.14,24,2,Rent,Single,Debt Consolidation,0.061,0
LN5955,29,73499.3,Salaried,435.0,15940.78,48,1,Mortgage,Single,Debt Consolidation,0.228,0
LN5956,54,83917.38,Self-Employed,756.0,15241.62,48,1,Mortgage,Single,Education,0.214,0
LN5957,32,24726.92,Salaried,836.0,36431.09,24,1,Rent,Married,Medical,1.318,0
LN5958,55,106297.8,Self-Employed,766.0,18818.94,36,1,Mortgage,Married,Business,0.225,0
LN5959,55,33499.85,Salaried,332.0,19480.31,12,0,Mortgage,Married,Other,0.565,1
LN5960,21,53968.0,Self-Employed,691.0,20324.46,48,0,Mortgage,Married,Education,0.358,0
LN5961,60,45519.16,Salaried,608.0,7672.98,24,0,Rent,Single,Medical,0.193,0
LN5962,42,31595.14,Self-Employed,552.0,9474.0,12,2,Mortgage,Single,Business,0.361,0
LN5963,49,24190.91,Salaried,661.0,26111.23,36,0,Mortgage,Married,Medical,1.068,0
LN5964,28,20497.86,Salaried,637.0,3903.08,36,1,Rent,Single,Home Improvement,0.223,0
LN5965,31,52026.54,Salaried,696.0,8871.63,48,2,Rent,Divorced,Business,0.212,0
LN5966,61,22864.49,Self-Employed,655.0,6012.01,60,0,Rent,Married,Other,0.311,0
LN5967,57,27808.37,Salaried,549.0,15375.74,36,1,Mortgage,Married,Home Improvement,0.452,1
LN5968,34,43957.65,Salaried,598.0,10373.76,12,0,Mortgage,Single,Debt Consolidation,0.286,0
LN5969,50,15000.0,Unemployed,584.0,19449.61,48,0,Own,Single,Education,1.48,1
LN5970,55,72365.86,Self-Employed,496.0,12514.0,36,2,Mortgage,Married,Medical,0.196,1
LN5971,41,15000.0,Unemployed,527.0,5283.5,36,1,Rent,Married,Education,0.416,1
LN5972,57,47160.59,Salaried,631.0,5432.09,24,1,Mortgage,Single,Other,0.149,0
LN5973,25,49390.31,Salaried,778.0,13311.33,36,2,Rent,Divorced,Medical,0.274,0
LN5974,39,64153.3,Business Owner,602.0,8411.2,24,0,Own,Single,Home Improvement,0.109,0
LN5975,34,48009.76,Salaried,582.0,9705.23,48,0,Mortgage,Single,Business,0.208,1
LN5976,46,134450.85,Self-Employed,544.0,23459.93,36,0,Rent,Married,Business,0.144,0
LN5977,24,54620.17,Salaried,653.0,21066.08,48,2,Mortgage,Married,Medical,0.365,0
LN5978,45,83017.46,Salaried,756.0,39286.66,36,0,Rent,Divorced,Home Improvement,0.517,0
LN5979,62,34141.49,Salaried,830.0,11050.14,24,2,Rent,Married,Medical,0.309,0
LN5980,45,52071.78,Salaried,676.0,9093.47,48,1,Own,Single,Medical,0.2,0
LN5981,38,106274.97,Salaried,663.0,17169.9,36,1,Own,Married,Medical,0.196,0
LN5982,60,43527.68,Salaried,646.0,9542.62,24,2,Own,Single,Business,0.221,0
LN5983,28,53966.43,Unemployed,616.0,9731.89,36,0,Rent,Married,Other,0.225,1
LN5984,59,80051.6,Salaried,707.0,11834.08,24,3,Mortgage,Married,Medical,0.124,0
LN5985,60,33822.63,Self-Employed,622.0,36013.51,48,1,Rent,Single,Business,1.299,0
LN5986,34,16634.26,Business Owner,635.0,20381.43,36,1,Mortgage,Married,Debt Consolidation,1.48,1
LN5987,52,55702.86,Self-Employed,648.0,21704.88,48,0,Rent,Married,Home Improvement,0.374,0
LN5988,58,80365.04,Salaried,597.0,35056.37,12,5,Rent,Married,Debt Consolidation,0.414,1
LN5989,53,24941.22,Self-Employed,643.0,22960.25,24,0,Mortgage,Married,Medical,0.877,0
LN5990,43,68535.69,Self-Employed,468.0,6776.1,60,0,Mortgage,Single,Business,0.119,0
LN5991,35,68767.27,Self-Employed,699.0,22752.48,48,1,Own,Single,Home Improvement,0.402,1
LN5992,53,15728.85,Business Owner,850.0,24552.11,24,1,Mortgage,Single,Education,1.48,0
LN5993,45,30695.02,Unemployed,600.0,19754.15,24,2,Mortgage,Single,Home Improvement,0.706,1
LN5994,37,40218.63,Self-Employed,684.0,11881.46,24,0,Mortgage,Married,Home Improvement,0.257,0
LN5995,53,44810.06,Salaried,727.0,18542.1,36,1,Rent,Divorced,Medical,0.428,0
LN5996,22,33807.33,Self-Employed,765.0,13198.47,48,1,Rent,Married,Debt Consolidation,0.507,0
LN5997,34,32908.91,Salaried,626.0,7429.0,48,0,Rent,Married,Debt Consolidation,0.199,0
LN5998,60,113067.63,Business Owner,488.0,8623.27,36,2,Mortgage,Married,Education,0.097,0
LN5999,60,46454.12,Salaried,674.0,20378.46,48,1,Rent,Single,Medical,0.532,0
LN6000,59,34630.09,Salaried,662.0,7758.22,36,0,Mortgage,Divorced,Home Improvement,0.288,0
LN6001,26,48022.04,Business Owner,619.0,8209.67,12,1,Own,Divorced,Other,0.152,0
LN6002,26,64122.17,Self-Employed,638.0,20994.81,36,1,Mortgage,Married,Debt Consolidation,0.297,0
LN6003,23,50302.66,Salaried,663.0,14476.38,60,0,Own,Single,Debt Consolidation,0.233,0
LN6004,27,44229.01,Salaried,683.0,18888.64,48,1,Mortgage,Married,Business,0.496,0
LN6005,28,35418.57,Business Owner,679.0,6390.64,36,4,Mortgage,Single,Home Improvement,0.202,1
LN6006,62,35204.69,Salaried,630.0,18576.59,36,3,Rent,Married,Medical,0.469,0
LN6007,35,36355.32,Business Owner,685.0,8991.03,60,1,Mortgage,Married,Debt Consolidation,0.296,0
LN6008,49,58070.17,Salaried,624.0,7258.07,36,1,Rent,Single,Medical,0.119,0
LN6009,53,29819.27,Business Owner,708.0,9865.44,24,0,Own,Divorced,Home Improvement,0.287,0
LN6010,50,59672.98,Business Owner,594.0,30249.62,60,1,Own,Divorced,Home Improvement,0.513,0
LN6011,59,99359.25,Salaried,657.0,10735.67,48,0,Mortgage,Divorced,Debt Consolidation,0.091,0
LN6012,47,57690.84,Salaried,504.0,50052.84,24,0,Rent,Married,Education,0.808,1
LN6013,56,40749.84,Salaried,617.0,3876.52,36,1,Own,Single,Medical,0.094,0
LN6014,49,25615.08,Self-Employed,701.0,5282.91,36,1,Own,Married,Medical,0.253,0
LN6015,58,107910.06,Salaried,557.0,29569.87,12,1,Mortgage,Married,Business,0.328,1
LN6016,53,27309.53,Self-Employed,621.0,34384.55,60,1,Mortgage,Single,Home Improvement,1.286,0
LN6017,57,74927.86,Salaried,434.0,7957.94,36,5,Rent,Married,Home Improvement,0.123,0
LN6018,47,67457.9,Salaried,527.0,13923.54,48,5,Mortgage,Married,Debt Consolidation,0.224,0
LN6019,53,43547.85,Salaried,550.0,20482.25,24,3,Own,Single,Debt Consolidation,0.456,1
LN6020,24,42980.88,Salaried,659.0,11642.0,36,2,Rent,Single,Debt Consolidation,0.315,0
LN6021,42,19577.66,Self-Employed,680.0,14616.7,12,1,Mortgage,Single,Business,0.852,0
LN6022,22,57816.67,Business Owner,645.0,13447.65,48,2,Rent,Married,Education,0.258,0
LN6023,30,66833.73,Self-Employed,616.0,5492.46,36,1,Rent,Married,Debt Consolidation,0.091,0
LN6024,25,28437.39,Salaried,616.0,10863.93,36,0,Rent,Single,Debt Consolidation,0.436,0
LN6025,30,45346.54,Unemployed,714.0,13459.21,12,3,Mortgage,Divorced,Other,0.295,0
LN6026,53,49957.65,Self-Employed,669.0,14212.44,24,2,Rent,Single,Debt Consolidation,0.351,0
LN6027,58,65662.7,Unemployed,620.0,4730.07,12,0,Mortgage,Married,Business,0.063,0
LN6028,33,49114.1,Salaried,766.0,20998.71,24,0,Rent,Married,Medical,0.531,0
LN6029,51,21738.5,Salaried,825.0,14439.12,36,1,Mortgage,Married,Education,0.645,0
LN6030,56,37610.22,Salaried,538.0,7092.32,36,0,Mortgage,Single,Medical,0.163,0
LN6031,44,50642.455,Self-Employed,697.0,39318.03,36,3,Rent,Divorced,Other,0.789,0
LN6032,35,74664.81,Salaried,850.0,10851.4,36,0,Own,Divorced,Home Improvement,0.144,0
LN6033,49,35996.67,Salaried,675.0,11282.54,24,1,Rent,Married,Home Improvement,0.379,1
LN6034,28,146360.05,Salaried,660.0,19634.15,24,2,Rent,Married,Debt Consolidation,0.136,0
LN6035,25,19010.82,Self-Employed,645.0,41373.7,12,2,Mortgage,Single,Other,1.48,1
LN6036,49,36980.64,Self-Employed,694.0,20102.99,48,3,Mortgage,Married,Medical,0.519,1
LN6037,24,47027.28,Salaried,718.0,21931.21,36,1,Mortgage,Married,Business,0.422,0
LN6038,32,44339.24,Salaried,538.0,7324.84,24,0,Rent,Married,Education,0.164,1
LN6039,22,26474.28,Self-Employed,648.0,14075.29,24,1,Own,Married,Medical,0.587,0
LN6040,47,61324.26,Unemployed,446.0,9707.39,48,1,Mortgage,Married,Other,0.179,0
LN6041,51,59015.01,Self-Employed,631.0,20383.44,48,0,Rent,Single,Other,0.376,0
LN6042,56,50210.56,Unemployed,569.0,21551.04,36,0,Rent,Single,Medical,0.555,0
LN6043,56,57868.12,Business Owner,681.0,35594.19,36,2,Rent,Single,Education,0.705,0
LN6044,46,39660.53,Self-Employed,501.0,3659.18,24,1,Rent,Single,Medical,0.117,0
LN6045,63,21836.07,Salaried,604.0,9151.32,60,1,Own,Married,Medical,0.36,1
LN6046,47,34258.16,Self-Employed,737.0,29148.23,48,2,Mortgage,Married,Education,0.707,0
LN6047,25,53025.45,Self-Employed,589.0,5762.24,24,1,Own,Married,Business,0.104,0
LN6048,40,53176.52,Self-Employed,479.0,21663.64,48,2,Rent,Married,Other,0.354,1
LN6049,31,50045.58,Salaried,673.0,26381.03,48,1,Rent,Married,Education,0.56,0
LN6050,30,64495.72,Salaried,597.0,13134.48,24,0,Rent,Single,Debt Consolidation,0.216,0
LN6051,60,36659.47,Salaried,633.0,5693.73,36,0,Rent,Single,Debt Consolidation,0.169,0
LN6052,58,49679.15,Salaried,584.0,12420.31,24,0,Mortgage,Single,Debt Consolidation,0.293,0
LN6053,26,65254.25,Salaried,828.0,32055.01,12,1,Own,Married,Debt Consolidation,0.632,0
LN6054,28,46983.66,Business Owner,510.0,33637.96,48,2,Mortgage,Single,Home Improvement,0.887,1
LN6055,43,26326.68,Salaried,850.0,15134.44,24,1,Own,Single,Business,0.494,0
LN6056,46,30310.69,Salaried,646.0,7432.8,48,2,Rent,Married,Home Improvement,0.238,0
LN6057,63,74267.31,Salaried,667.0,37912.58,60,0,Own,Divorced,Medical,0.474,1
LN6058,32,98344.91,Self-Employed,598.0,21863.06,12,4,Rent,Married,Medical,0.198,1
LN6059,46,88224.64,Salaried,595.0,7731.78,36,1,Rent,Married,Education,0.094,0
LN6060,33,55054.45,Salaried,579.0,16407.79,48,0,Mortgage,Married,Debt Consolidation,0.321,0
LN6061,60,26861.08,Self-Employed,704.0,15963.32,48,3,Own,Married,Education,0.543,1
LN6062,38,48865.37,Salaried,523.0,9117.24,48,0,Mortgage,Married,Medical,0.216,0
LN6063,45,107058.17,Unemployed,683.0,16462.89,24,2,Mortgage,Married,Debt Consolidation,0.179,0
LN6064,53,66785.7,Unemployed,453.0,25944.43,36,1,Rent,Single,Other,0.315,0
LN6065,60,44190.33,Salaried,675.0,11184.12,36,3,Own,Single,Business,0.253,0
LN6066,63,67125.05,Salaried,726.0,27583.18,60,2,Rent,Single,Medical,0.512,0
LN6067,32,25985.72,Self-Employed,535.0,4660.08,24,1,Rent,Married,Other,0.19,1
LN6068,64,34619.22,Salaried,711.0,50562.23,60,1,Own,Divorced,Education,1.422,0
LN6069,56,28506.98,Salaried,655.0,13827.45,24,1,Rent,Single,Other,0.45,0
LN6070,24,61993.57,Salaried,794.0,25433.25,60,1,Rent,Single,Education,0.378,0
LN6071,25,70056.11,Unemployed,573.0,15232.2,36,1,Rent,Divorced,Medical,0.185,0
LN6072,57,45391.81,Salaried,850.0,8150.92,36,3,Own,Married,Home Improvement,0.217,1
LN6073,28,31682.99,Self-Employed,435.0,13071.3,36,2,Own,Married,Business,0.348,1
LN6074,62,48539.13,Self-Employed,620.0,4248.48,24,1,Own,Divorced,Other,0.083,0
LN6075,48,38434.47,Salaried,497.0,20191.81,24,1,Mortgage,Married,Other,0.432,1
LN6076,51,32922.6,Salaried,817.0,15006.8,12,1,Rent,Married,Medical,0.543,0
LN6077,29,58075.37,Unemployed,626.0,11909.19,12,3,Rent,Single,Medical,0.168,1
LN6078,49,33557.1,Salaried,635.0,20986.19,24,0,Rent,Single,Education,0.597,0
LN6079,34,22400.2,Self-Employed,690.0,13663.92,48,1,Own,Married,Debt Consolidation,0.663,0
LN6080,60,25032.81,Salaried,650.0,19227.52,36,3,Own,Married,Debt Consolidation,0.772,1
LN6081,61,21990.59,Salaried,597.0,23798.79,12,1,Rent,Divorced,Debt Consolidation,1.018,1
LN6082,42,55478.78,Salaried,537.0,9609.07,48,1,Mortgage,Divorced,Education,0.162,0
LN6083,31,52849.46,Salaried,665.0,8092.99,36,1,Mortgage,Divorced,Debt Consolidation,0.184,0
LN6084,43,51547.55,Salaried,684.0,4752.68,60,1,Mortgage,Single,Medical,0.119,0
LN6085,21,65766.5,Business Owner,713.0,14379.18,36,2,Own,Divorced,Home Improvement,0.213,1
LN6086,57,88963.32,Salaried,822.0,17522.8,24,1,Rent,Married,Home Improvement,0.161,0
LN6087,41,36456.2,Salaried,454.0,6038.02,36,1,Mortgage,Single,Home Improvement,0.136,0
LN6088,46,60068.37,Salaried,644.0,31326.76,36,1,Rent,Married,Debt Consolidation,0.615,1
LN6089,56,22252.11,Business Owner,757.0,8156.73,12,0,Rent,Single,Home Improvement,0.394,0
LN6090,43,97670.5,Salaried,639.0,3781.59,12,2,Own,Single,Other,0.046,0
LN6091,21,26306.84,Self-Employed,440.0,32757.71,12,2,Rent,Married,Debt Consolidation,1.43,1
LN6092,60,34370.69,Salaried,534.0,4089.55,24,2,Mortgage,Married,Other,0.149,0
LN6093,35,36357.12,Salaried,680.0,23825.39,36,2,Rent,Single,Medical,0.814,1
LN6094,41,22853.61,Salaried,676.0,20592.28,36,3,Own,Married,Other,1.076,1
LN6095,29,49825.78,Business Owner,711.0,16183.26,12,2,Rent,Divorced,Medical,0.337,0
LN6096,29,54554.31,Salaried,580.0,9762.8,36,2,Mortgage,Married,Education,0.171,0
LN6097,30,44591.26,Salaried,673.0,18064.04,36,1,Rent,Single,Education,0.427,0
LN6098,46,22694.46,Salaried,565.0,25061.57,24,3,Rent,Single,Other,1.161,1
LN6099,61,132150.03,Business Owner,673.0,7394.66,12,1,Mortgage,Single,Business,0.062,0
LN6100,55,64512.57,Salaried,655.0,24000.36,12,3,Rent,Divorced,Medical,0.332,0
LN6101,45,182976.14,Salaried,576.0,23354.03,24,1,Mortgage,Married,Debt Consolidation,0.144,0
LN6102,46,32775.79,Salaried,790.0,15927.95,24,1,Own,Married,Business,0.5,0
LN6103,31,79137.42,Salaried,496.0,9674.17,24,1,Rent,Married,Medical,0.136,0
LN6104,58,72376.5,Self-Employed,637.0,23418.33,36,1,Rent,Divorced,Debt Consolidation,0.298,0
LN6105,22,42391.89,Self-Employed,574.0,18123.92,36,2,Mortgage,Married,Medical,0.435,0
LN6106,27,99262.73,Salaried,815.0,7262.1,24,0,Mortgage,Married,Medical,0.066,0
LN6107,38,40026.42,Salaried,704.0,10717.0,24,0,Rent,Single,Debt Consolidation,0.331,0
LN6108,47,40927.37,Salaried,592.0,21838.57,36,3,Rent,Single,Medical,0.557,1
LN6109,54,15000.0,Salaried,625.0,14310.49,48,4,Own,Divorced,Medical,0.87,1
LN6110,47,60145.03,Salaried,818.0,25631.82,48,1,Own,Divorced,Medical,0.35,0
LN6111,37,25266.76,Business Owner,565.0,10883.6,36,0,Rent,Divorced,Education,0.49,0
LN6112,63,37221.41,Unemployed,491.0,7332.43,24,3,Rent,Divorced,Home Improvement,0.179,0
LN6113,64,29345.37,Unemployed,676.0,49819.49,24,0,Rent,Married,Medical,1.48,1
LN6114,44,40818.24,Business Owner,678.0,4872.99,48,0,Mortgage,Married,Debt Consolidation,0.127,0
LN6115,45,61202.3,Self-Employed,710.0,9898.08,12,1,Rent,Married,Other,0.153,0
LN6116,27,49294.65,Self-Employed,711.0,15801.32,60,1,Rent,Married,Medical,0.362,0
LN6117,26,69899.98,Salaried,809.0,24140.6,36,3,Mortgage,Single,Education,0.324,0
LN6118,44,92301.42,Self-Employed,495.0,19690.07,36,0,Mortgage,Single,Education,0.258,1
LN6119,53,40765.93,Salaried,542.0,53463.55,12,2,Rent,Divorced,Other,1.251,1
LN6120,49,38588.76,Salaried,710.0,12449.56,36,1,Mortgage,Single,Medical,0.418,1
LN6121,63,79131.3,Business Owner,550.0,7912.59,36,2,Rent,Divorced,Business,0.11,0
LN6122,42,82332.7,Salaried,519.0,11709.81,12,0,Rent,Single,Other,0.174,0
LN6123,46,70990.08,Salaried,818.0,11026.03,24,1,Rent,Single,Home Improvement,0.13,0
LN6124,48,30452.11,Unemployed,504.0,12823.35,48,2,Rent,Single,Debt Consolidation,0.41,1
LN6125,41,60556.22,Salaried,618.0,7409.42,36,1,Mortgage,Single,Debt Consolidation,0.143,0
LN6126,27,51778.76,Salaried,645.0,21384.76,36,0,Mortgage,Single,Debt Consolidation,0.466,1
LN6127,37,82972.5,Unemployed,768.0,16688.88,12,3,Rent,Single,Debt Consolidation,0.18,0
LN6128,40,36811.44,Self-Employed,482.0,6258.35,48,0,Mortgage,Married,Education,0.166,1
LN6129,61,21304.95,Salaried,687.0,23880.44,48,0,Own,Single,Home Improvement,1.044,0
LN6130,40,69225.07,Salaried,570.0,8210.02,36,2,Mortgage,Single,Medical,0.131,0
LN6131,42,15000.0,Salaried,706.0,6570.27,36,0,Own,Single,Medical,0.426,1
LN6132,48,34004.34,Business Owner,568.0,14078.4,36,0,Rent,Married,Business,0.395,0
LN6133,60,29389.78,Self-Employed,792.0,4653.12,36,1,Mortgage,Married,Medical,0.143,0
LN6134,27,29290.91,Salaried,569.0,19028.67,24,5,Mortgage,Married,Home Improvement,0.653,1
LN6135,21,33707.79,Salaried,428.0,2432.55,60,1,Rent,Single,Medical,0.065,1
LN6136,52,90101.02,Salaried,579.0,7203.93,36,0,Rent,Single,Education,0.102,0
LN6137,33,73885.93,Unemployed,626.0,34374.92,24,0,Rent,Married,Other,0.408,0
LN6138,50,43223.29,Salaried,747.0,8848.51,36,1,Rent,Married,Medical,0.257,0
LN6139,43,86405.94,Self-Employed,537.0,9828.57,48,0,Rent,Single,Debt Consolidation,0.115,1
LN6140,39,28820.77,Salaried,539.0,28686.99,24,2,Rent,Married,Debt Consolidation,0.984,1
LN6141,52,26926.29,Self-Employed,736.0,8302.25,24,1,Mortgage,Single,Other,0.282,0
LN6142,50,75493.24,Unemployed,526.0,21121.84,36,0,Rent,Single,Debt Consolidation,0.313,1
LN6143,49,65501.06,Self-Employed,634.0,27024.87,24,1,Own,Married,Debt Consolidation,0.471,0
LN6144,49,38943.54,Salaried,636.0,17802.93,48,4,Rent,Married,Education,0.473,0
LN6145,50,27785.5,Self-Employed,670.0,5614.24,12,0,Mortgage,Single,Education,0.167,0
LN6146,36,101708.48,Business Owner,583.0,9298.5,48,1,Mortgage,Single,Education,0.115,0
LN6147,60,20742.68,Salaried,567.0,68061.83,12,0,Own,Divorced,Medical,1.48,1
LN6148,39,36344.1,Business Owner,680.0,9953.56,12,0,Mortgage,Married,Other,0.278,0
LN6149,38,54956.01,Self-Employed,569.0,80161.42,48,1,Rent,Divorced,Debt Consolidation,1.48,1
LN6150,21,120702.29,Business Owner,528.0,37248.93,36,0,Rent,Married,Business,0.316,0
LN6151,34,59370.34,Self-Employed,761.0,18241.27,24,2,Rent,Married,Other,0.295,0
LN6152,22,62327.15,Salaried,694.0,15967.98,24,1,Rent,Single,Business,0.215,0
LN6153,48,36875.7,Salaried,809.0,10108.24,36,0,Mortgage,Single,Debt Consolidation,0.282,0
LN6154,50,65136.48,Salaried,721.0,12665.7,36,0,Rent,Married,Home Improvement,0.235,0
LN6155,58,51671.14,Unemployed,536.0,8837.55,60,2,Mortgage,Married,Other,0.138,1
LN6156,24,22153.88,Business Owner,659.0,12859.32,60,2,Rent,Single,Medical,0.633,0
LN6157,21,72872.56,Self-Employed,559.0,5899.86,36,1,Own,Married,Business,0.1,0
LN6158,28,79634.02,Salaried,501.0,5713.22,36,0,Mortgage,Single,Other,0.065,0
LN6159,49,73253.59,Salaried,610.0,29161.64,36,3,Rent,Single,Other,0.355,0
LN6160,59,49844.53,Business Owner,738.0,5077.7,36,2,Rent,Single,Education,0.121,0
LN6161,23,30391.3,Salaried,675.0,22735.5,12,2,Rent,Married,Home Improvement,0.694,0
LN6162,52,15450.68,Salaried,525.0,4287.12,24,3,Rent,Single,Education,0.249,1
LN6163,30,53025.43,Self-Employed,607.0,19492.45,12,2,Own,Single,Home Improvement,0.364,0
LN6164,30,84201.75,Salaried,637.0,11795.22,12,2,Rent,Married,Home Improvement,0.14,0
LN6165,39,80641.3,Salaried,498.0,29519.01,24,3,Rent,Married,Medical,0.453,0
LN6166,54,73720.52,Salaried,714.0,10946.81,36,1,Own,Married,Other,0.165,0
LN6167,53,47235.19,Salaried,629.0,4000.91,48,2,Own,Single,Education,0.085,0
LN6168,43,84434.56,Unemployed,525.0,11934.38,36,0,Own,Married,Education,0.151,0
LN6169,48,77814.33,Salaried,520.0,14702.85,24,1,Rent,Married,Business,0.241,0
LN6170,52,47508.68,Salaried,646.0,12342.62,12,2,Own,Single,Other,0.266,0
LN6171,27,68754.61,Salaried,616.0,18865.02,36,2,Mortgage,Married,Debt Consolidation,0.248,0
LN6172,49,37497.16,Business Owner,757.0,9522.07,24,0,Mortgage,Married,Debt Consolidation,0.325,0
LN6173,28,64216.28,Salaried,791.0,6260.14,36,3,Mortgage,Single,Business,0.125,0
LN6174,21,25602.41,Self-Employed,742.0,7333.52,60,0,Rent,Divorced,Home Improvement,0.255,0
LN6175,23,26606.05,Salaried,602.0,9803.94,12,0,Rent,Married,Business,0.322,0
LN6176,44,83208.4,Salaried,425.0,9753.59,24,0,Mortgage,Divorced,Business,0.118,0
LN6177,43,78337.37,Salaried,678.0,56594.86,36,1,Mortgage,Married,Education,0.596,0
LN6178,28,67292.61,Business Owner,838.0,28369.31,60,1,Mortgage,Single,Business,0.475,0
LN6179,57,51225.07,Business Owner,647.0,20171.49,48,2,Rent,Single,Home Improvement,0.33,0
LN6180,23,15000.0,Salaried,471.0,17458.95,48,1,Mortgage,Married,Debt Consolidation,0.965,1
LN6181,53,47219.49,Salaried,589.0,15992.31,24,0,Mortgage,Divorced,Medical,0.353,0
LN6182,48,61518.4,Unemployed,633.0,16042.56,60,1,Rent,Married,Other,0.334,0
LN6183,28,37520.15,Salaried,551.0,14734.86,12,3,Mortgage,Divorced,Business,0.398,1
LN6184,54,34329.25,Business Owner,419.0,13685.22,12,1,Rent,Single,Other,0.39,1
LN6185,55,100932.8,Salaried,641.0,3808.08,48,2,Mortgage,Married,Business,0.049,0
LN6186,52,47565.14,Unemployed,579.0,10705.61,60,3,Rent,Divorced,Other,0.24,0
LN6187,44,61537.23,Business Owner,810.0,11565.94,12,2,Own,Married,Education,0.186,0
LN6188,34,72190.64,Unemployed,659.0,8523.79,12,1,Mortgage,Divorced,Education,0.117,0
LN6189,52,29711.26,Self-Employed,692.0,9569.55,12,0,Mortgage,Married,Other,0.289,0
LN6190,63,53992.68,Salaried,639.0,16001.69,12,4,Rent,Married,Business,0.313,0
LN6191,36,94828.21,Unemployed,658.0,21174.52,24,0,Rent,Married,Business,0.228,0
LN6192,24,121736.19,Salaried,501.0,15987.17,60,1,Mortgage,Divorced,Home Improvement,0.123,0
LN6193,57,50009.5,Salaried,556.0,20857.45,36,2,Rent,Married,Debt Consolidation,0.367,0
LN6194,41,43522.28,Self-Employed,748.0,21079.68,48,0,Rent,Single,Debt Consolidation,0.463,0
LN6195,34,56078.74,Business Owner,669.0,11160.95,48,3,Rent,Married,Medical,0.21,0
LN6196,51,55371.4,Unemployed,614.0,18309.67,36,1,Rent,Married,Debt Consolidation,0.274,0
LN6197,38,98064.34,Salaried,694.0,4685.26,48,0,Own,Single,Medical,0.042,0
LN6198,27,29786.31,Business Owner,696.0,10608.44,36,1,Rent,Married,Education,0.454,0
LN6199,30,42619.34,Self-Employed,829.0,9886.14,24,0,Mortgage,Single,Medical,0.249,0
LN6200,27,28041.18,Salaried,665.0,33483.1,36,1,Own,Married,Medical,0.993,0
LN6201,53,29553.36,Salaried,554.0,16354.4,36,0,Mortgage,Married,Debt Consolidation,0.634,1
LN6202,43,59176.93,Salaried,640.0,5998.88,48,2,Rent,Married,Business,0.084,0
LN6203,41,73491.79,Salaried,705.0,19086.76,60,1,Rent,Married,Education,0.304,0
LN6204,39,35429.64,Unemployed,740.0,23060.35,36,1,Rent,Single,Home Improvement,0.765,0
LN6205,39,72117.17,Self-Employed,505.0,12659.99,48,1,Rent,Divorced,Medical,0.198,0
LN6206,56,85458.77,Self-Employed,673.0,20214.46,12,1,Rent,Single,Medical,0.276,0
LN6207,49,128972.31,Unemployed,569.0,2988.65,48,1,Own,Single,Other,0.02,0
LN6208,38,50760.48,Salaried,599.0,2644.95,24,0,Mortgage,Divorced,Medical,0.061,0
LN6209,22,35600.6,Business Owner,726.0,6586.64,12,1,Own,Married,Business,0.161,0
LN6210,21,29695.89,Salaried,717.0,14609.45,24,1,Own,Single,Home Improvement,0.477,0
LN6211,25,28257.2,Business Owner,589.0,33499.92,36,2,Own,Divorced,Other,1.48,1
LN6212,40,91572.87,Salaried,636.0,6796.37,12,0,Mortgage,Married,Debt Consolidation,0.078,0
LN6213,31,22981.67,Unemployed,602.0,8004.78,60,3,Rent,Divorced,Education,0.447,1
LN6214,62,90117.91,Salaried,850.0,14089.2,12,1,Rent,Married,Business,0.132,0
LN6215,22,31754.17,Salaried,675.0,9942.85,60,0,Rent,Married,Home Improvement,0.325,0
LN6216,23,34800.84,Business Owner,574.0,9609.29,48,1,Rent,Married,Education,0.23,0
LN6217,43,45443.37,Salaried,769.0,10374.59,24,1,Mortgage,Single,Debt Consolidation,0.255,1
LN6218,32,34481.31,Self-Employed,772.0,29403.62,24,3,Rent,Married,Education,0.716,0
LN6219,40,78119.1,Salaried,811.0,26099.74,48,2,Mortgage,Married,Other,0.297,0
LN6220,25,121378.86,Self-Employed,838.0,13549.18,36,0,Mortgage,Single,Medical,0.104,0
LN6221,57,35287.49,Salaried,714.0,36050.94,36,0,Rent,Single,Medical,1.2,0
LN6222,58,39493.09,Salaried,619.0,18131.7,24,2,Mortgage,Single,Business,0.405,1
LN6223,50,45176.83,Salaried,632.0,26697.8,36,2,Mortgage,Divorced,Education,0.723,0
LN6224,29,64249.45,Salaried,624.0,7971.85,60,1,Mortgage,Married,Medical,0.107,0
LN6225,54,45399.57,Salaried,614.0,9025.36,24,0,Rent,Married,Business,0.163,0
LN6226,64,98088.82,Salaried,762.0,8967.58,36,0,Rent,Divorced,Business,0.091,0
LN6227,55,86969.43,Salaried,650.0,12682.35,24,0,Own,Married,Other,0.188,0
LN6228,42,27099.45,Salaried,737.0,13848.72,48,0,Rent,Divorced,Business,0.437,0
LN6229,64,63607.34,Self-Employed,711.0,16228.21,48,1,Own,Single,Debt Consolidation,0.217,0
LN6230,44,104837.79,Business Owner,551.0,43645.83,24,0,Mortgage,Single,Medical,0.489,0
LN6231,37,38277.19,Salaried,495.0,20594.24,12,0,Own,Married,Medical,0.514,1
LN6232,30,42313.76,Self-Employed,539.0,9809.68,12,2,Rent,Married,Home Improvement,0.269,0
LN6233,50,37645.98,Self-Employed,612.0,13333.51,36,0,Own,Divorced,Debt Consolidation,0.319,0
LN6234,43,38042.61,Salaried,662.0,32957.21,36,1,Mortgage,Married,Medical,0.892,1
LN6235,52,21285.35,Self-Employed,592.0,21356.85,60,0,Mortgage,Single,Other,0.936,1
LN6236,37,25231.35,Salaried,713.0,32698.0,36,5,Own,Married,Medical,1.329,0
LN6237,37,50956.97,Salaried,603.0,10000.5,24,1,Rent,Married,Home Improvement,0.232,0
LN6238,34,104485.02,Salaried,673.0,8716.76,48,1,Own,Single,Education,0.099,0
LN6239,29,36073.71,Self-Employed,661.0,8793.54,36,1,Own,Married,Education,0.258,0
LN6240,60,35547.37,Self-Employed,806.0,10496.62,36,1,Mortgage,Divorced,Debt Consolidation,0.373,0
LN6241,22,114778.62,Salaried,562.0,7058.8,12,1,Mortgage,Married,Business,0.057,0
LN6242,45,28166.01,Salaried,849.0,15948.43,24,3,Rent,Married,Home Improvement,0.521,0
LN6243,59,21362.2,Unemployed,597.0,16113.82,60,1,Own,Single,Home Improvement,0.835,1
LN6244,29,32394.45,Salaried,529.0,29829.91,36,0,Own,Single,Medical,1.023,0
LN6245,42,35193.19,Salaried,630.0,4646.37,24,2,Mortgage,Married,Other,0.109,0
LN6246,63,20460.95,Unemployed,850.0,7581.93,36,0,Mortgage,Married,Medical,0.409,0
LN6247,24,45980.8,Self-Employed,731.0,21662.72,60,1,Rent,Single,Other,0.465,0
LN6248,46,78764.93,Self-Employed,704.0,14914.42,24,1,Rent,Single,Home Improvement,0.222,0
LN6249,49,25771.45,Business Owner,722.0,13723.73,36,1,Rent,Divorced,Business,0.641,0
LN6250,54,51215.07,Business Owner,646.0,28518.61,60,0,Mortgage,Married,Education,0.599,0
LN6251,43,59752.59,Salaried,679.0,7288.31,24,2,Rent,Married,Debt Consolidation,0.098,0
LN6252,57,47019.04,Salaried,650.0,8627.95,48,0,Rent,Single,Other,0.205,0
LN6253,31,53790.19,Salaried,813.0,8039.26,36,0,Mortgage,Single,Education,0.176,0
LN6254,26,50438.32,Unemployed,640.0,3992.83,36,2,Rent,Single,Debt Consolidation,0.068,1
LN6255,38,32651.17,Self-Employed,616.0,14467.94,24,3,Rent,Married,Business,0.457,0
LN6256,41,103703.51,Salaried,545.0,9762.35,24,0,Mortgage,Single,Home Improvement,0.121,0
LN6257,62,91480.25,Business Owner,663.0,8606.38,36,0,Mortgage,Married,Business,0.089,0
LN6258,56,88872.29,Salaried,676.0,7722.9,24,3,Rent,Divorced,Other,0.079,0
LN6259,61,81376.18,Salaried,542.0,13218.23,36,0,Own,Single,Home Improvement,0.147,0
LN6260,58,22303.75,Salaried,691.0,8274.02,24,0,Rent,Married,Medical,0.4,0
LN6261,54,77888.31,Salaried,671.0,15259.24,12,1,Rent,Married,Debt Consolidation,0.25,0
LN6262,37,68036.58,Business Owner,741.0,17597.43,60,0,Rent,Divorced,Medical,0.286,0
LN6263,57,22736.76,Salaried,759.0,11195.35,36,1,Mortgage,Divorced,Home Improvement,0.469,0
LN6264,45,44026.4,Business Owner,658.0,10748.48,60,1,Own,Single,Debt Consolidation,0.273,0
LN6265,58,56297.01,Self-Employed,557.0,14932.49,12,3,Own,Single,Debt Consolidation,0.295,0
LN6266,32,112663.25,Salaried,575.0,13130.46,36,4,Rent,Married,Medical,0.128,0
LN6267,43,70429.11,Unemployed,809.0,29676.05,24,1,Rent,Married,Debt Consolidation,0.371,0
LN6268,62,31815.76,Salaried,665.0,16170.75,48,3,Rent,Single,Home Improvement,0.568,0
LN6269,42,114427.22,Salaried,807.0,25779.93,48,1,Own,Married,Other,0.229,0
LN6270,41,50105.69,Salaried,695.0,19270.04,12,1,Rent,Married,Other,0.311,0
LN6271,47,43134.54,Business Owner,718.0,6056.87,60,1,Rent,Single,Home Improvement,0.15,0
LN6272,51,41624.36,Salaried,734.0,9557.11,24,0,Mortgage,Divorced,Medical,0.297,0
LN6273,26,21768.57,Salaried,540.0,12979.7,36,2,Mortgage,Single,Business,0.581,1
LN6274,47,46402.81,Salaried,678.0,22495.41,60,1,Rent,Married,Home Improvement,0.622,0
LN6275,60,62864.86,Salaried,539.0,42475.72,48,2,Rent,Married,Other,0.573,1
LN6276,54,40429.23,Business Owner,624.0,9991.72,60,1,Rent,Single,Home Improvement,0.288,0
LN6277,32,60489.57,Salaried,708.0,13810.07,24,3,Own,Married,Debt Consolidation,0.196,0
LN6278,27,31818.54,Salaried,558.0,21589.16,12,1,Mortgage,Married,Debt Consolidation,0.636,0
LN6279,30,45685.49,Salaried,700.0,12904.14,24,2,Rent,Divorced,Home Improvement,0.307,0
LN6280,37,57427.02,Salaried,515.0,35827.04,36,1,Rent,Single,Medical,0.684,1
LN6281,46,53897.02,Unemployed,753.0,5951.08,48,0,Rent,Married,Business,0.131,0
LN6282,41,21966.36,Salaried,590.0,20066.6,24,0,Rent,Married,Debt Consolidation,1.012,1
LN6283,48,39359.67,Unemployed,558.0,19948.87,36,0,Mortgage,Married,Other,0.556,1
LN6284,22,113406.21,Salaried,521.0,26668.1,24,0,Rent,Divorced,Debt Consolidation,0.295,0
LN6285,63,38321.91,Salaried,598.0,13866.5,24,1,Mortgage,Single,Other,0.371,0
LN6286,21,49409.79,Business Owner,478.0,22809.05,36,0,Mortgage,Single,Business,0.421,1
LN6287,56,46939.84,Salaried,601.0,11504.76,36,1,Mortgage,Married,Debt Consolidation,0.216,0
LN6288,46,107379.0,Self-Employed,749.0,8259.88,48,1,Rent,Single,Medical,0.077,0
LN6289,49,93450.21,Unemployed,633.0,7567.96,24,2,Rent,Divorced,Other,0.094,0
LN6290,41,73406.33,Salaried,544.0,5626.03,48,2,Mortgage,Married,Debt Consolidation,0.063,0
LN6291,31,30133.08,Salaried,670.0,10251.56,12,0,Own,Married,Debt Consolidation,0.294,0
LN6292,60,58664.59,Self-Employed,662.0,16105.13,24,1,Rent,Married,Home Improvement,0.234,0
LN6293,31,65118.95,Salaried,826.0,11791.34,36,1,Rent,Married,Medical,0.198,0
LN6294,56,34568.48,Salaried,721.0,15044.68,48,0,Rent,Married,Medical,0.401,0
LN6295,59,31721.23,Salaried,678.0,28027.11,24,1,Mortgage,Single,Home Improvement,0.78,0
LN6296,60,47508.68,Salaried,731.0,9793.83,24,0,Own,Single,Other,0.093,0
LN6297,55,42175.65,Business Owner,638.0,54403.18,36,0,Mortgage,Single,Education,1.48,0
LN6298,54,109917.83,Salaried,643.0,21018.24,24,0,Own,Married,Business,0.185,0
LN6299,44,80704.28,Salaried,799.0,11870.89,48,0,Mortgage,Married,Medical,0.16,0
LN6300,42,60110.41,Self-Employed,503.0,11710.47,48,1,Own,Single,Education,0.165,0
LN6301,25,61467.61,Salaried,737.0,7296.3,12,0,Own,Married,Other,0.15,1
LN6302,53,24337.9,Salaried,640.0,13155.17,36,0,Own,Single,Business,0.523,0
LN6303,56,54360.19,Business Owner,624.0,3652.04,48,3,Rent,Divorced,Medical,0.087,0
LN6304,40,99559.45,Salaried,600.0,28380.56,24,2,Mortgage,Single,Debt Consolidation,0.368,0
LN6305,39,68917.8,Business Owner,664.0,2465.21,36,5,Mortgage,Divorced,Medical,0.043,0
LN6306,55,52953.44,Business Owner,646.0,13698.62,12,1,Rent,Married,Business,0.21,0
LN6307,63,115377.96,Salaried,613.0,6725.13,36,1,Rent,Married,Education,0.062,0
LN6308,37,44688.86,Salaried,587.0,8771.76,24,1,Rent,Single,Debt Consolidation,0.166,0
LN6309,63,35962.15,Salaried,479.0,9477.81,48,1,Rent,Divorced,Business,0.329,0
LN6310,54,52940.08,Salaried,646.0,42420.02,24,1,Rent,Single,Other,0.957,0
LN6311,29,71914.54,Business Owner,604.0,6891.54,24,0,Rent,Married,Business,0.123,0
LN6312,46,20766.64,Business Owner,664.0,23122.37,48,1,Rent,Divorced,Medical,1.229,1
LN6313,22,56524.78,Salaried,827.0,26802.25,12,1,Rent,Divorced,Other,0.503,0
LN6314,29,73509.69,Self-Employed,595.0,3284.41,24,0,Mortgage,Married,Home Improvement,0.047,0
LN6315,29,42837.93,Unemployed,558.0,9235.3,24,2,Mortgage,Divorced,Home Improvement,0.214,1
LN6316,60,85261.85,Unemployed,586.0,32554.65,24,1,Rent,Married,Debt Consolidation,0.395,0
LN6317,37,67547.97,Salaried,664.0,6070.13,60,0,Mortgage,Single,Business,0.1,0
LN6318,21,143013.11,Salaried,703.0,27418.29,48,1,Rent,Married,Education,0.243,0
LN6319,45,33681.32,Salaried,716.0,13217.28,12,2,Own,Single,Debt Consolidation,0.431,0
LN6320,63,74262.02,Unemployed,724.0,12878.85,48,1,Mortgage,Single,Other,0.213,0
LN6321,60,29476.19,Salaried,646.0,13928.54,36,1,Rent,Married,Debt Consolidation,0.582,0
LN6322,62,21857.88,Self-Employed,625.0,16408.31,60,0,Own,Married,Medical,0.795,1
LN6323,45,17716.2,Salaried,835.0,7529.75,24,2,Rent,Single,Other,0.414,0
LN6324,59,64161.72,Salaried,618.0,11427.16,36,1,Rent,Divorced,Education,0.199,0
LN6325,55,53751.34,Salaried,660.0,16686.56,36,2,Rent,Single,Business,0.318,0
LN6326,23,38579.43,Unemployed,767.0,14855.59,36,0,Mortgage,Divorced,Other,0.324,0
LN6327,57,20196.16,Salaried,701.0,16473.95,36,1,Rent,Divorced,Business,0.807,0
LN6328,64,34710.82,Self-Employed,448.0,8680.1,24,1,Rent,Divorced,Business,0.324,1
LN6329,64,49121.23,Salaried,651.0,19523.61,48,1,Rent,Married,Debt Consolidation,0.328,0
LN6330,50,72881.1,Salaried,728.0,14412.99,36,1,Rent,Single,Medical,0.227,0
LN6331,58,48617.17,Salaried,529.0,5174.92,60,3,Rent,Married,Debt Consolidation,0.13,1
LN6332,54,55605.1,Salaried,718.0,9712.58,24,2,Rent,Single,Home Improvement,0.196,0
LN6333,32,40616.67,Salaried,685.0,7806.39,36,0,Rent,Single,Home Improvement,0.209,0
LN6334,39,117549.18,Salaried,757.0,7746.32,60,4,Own,Married,Business,0.076,0
LN6335,57,29462.55,Salaried,588.0,10037.79,36,2,Own,Single,Medical,0.346,1
LN6336,64,34557.53,Salaried,740.0,19304.3,48,2,Mortgage,Divorced,Other,0.472,0
LN6337,37,38323.59,Unemployed,664.0,9172.13,48,2,Mortgage,Divorced,Business,0.307,0
LN6338,30,64302.4,Unemployed,809.0,15291.23,24,1,Rent,Single,Other,0.242,0
LN6339,32,29160.49,Salaried,850.0,13859.1,36,3,Own,Married,Business,0.538,0
LN6340,36,52462.78,Self-Employed,788.0,8371.33,24,0,Rent,Married,Debt Consolidation,0.17,0
LN6341,44,53234.13,Unemployed,693.0,10862.93,36,0,Mortgage,Divorced,Business,0.169,0
LN6342,39,34641.96,Salaried,850.0,22446.94,24,1,Mortgage,Married,Business,0.827,0
LN6343,28,57814.2,Business Owner,704.0,14616.17,48,1,Mortgage,Single,Medical,0.302,0
LN6344,51,29616.68,Unemployed,568.0,18569.89,36,1,Mortgage,Married,Medical,0.548,1
LN6345,41,28042.12,Salaried,646.0,28666.89,36,1,Own,Married,Other,1.32,1
LN6346,37,51523.99,Salaried,719.0,17343.31,24,0,Own,Divorced,Medical,0.393,0
LN6347,43,21378.1,Unemployed,724.0,4219.98,60,1,Rent,Single,Business,0.205,0
LN6348,57,16774.22,Salaried,549.0,15714.81,12,1,Own,Single,Medical,1.036,1
LN6349,36,63985.81,Salaried,552.0,9220.03,12,5,Own,Divorced,Medical,0.123,0
LN6350,26,82824.98,Salaried,619.0,39584.05,24,1,Rent,Divorced,Education,0.516,0
LN6351,28,38816.41,Salaried,698.0,16976.1,60,2,Own,Divorced,Education,0.366,0
LN6352,45,35100.29,Self-Employed,710.0,9335.1,60,2,Mortgage,Married,Home Improvement,0.285,0
LN6353,38,81045.63,Self-Employed,663.0,18767.97,36,2,Own,Married,Debt Consolidation,0.249,0
LN6354,45,27645.85,Unemployed,575.0,14107.68,48,2,Mortgage,Married,Debt Consolidation,0.631,1
LN6355,32,24792.93,Salaried,806.0,4765.82,24,1,Rent,Single,Medical,0.223,0
LN6356,35,69829.95,Salaried,554.0,22422.86,60,2,Own,Married,Home Improvement,0.297,0
LN6357,46,49242.83,Salaried,767.0,10474.26,12,0,Rent,Single,Home Improvement,0.265,0
LN6358,61,83486.35,Salaried,716.0,31331.24,12,1,Rent,Single,Other,0.408,0
LN6359,46,16812.32,Salaried,765.0,12398.63,12,2,Own,Divorced,Education,0.814,0
LN6360,52,24334.81,Unemployed,610.0,31684.28,36,1,Rent,Single,Home Improvement,1.152,1
LN6361,30,49373.35,Business Owner,637.0,17239.16,48,3,Mortgage,Divorced,Business,0.429,0
LN6362,36,60405.59,Salaried,655.0,23967.98,24,4,Own,Single,Other,0.502,0
LN6363,27,74869.25,Self-Employed,607.0,9945.83,60,2,Own,Single,Medical,0.158,0
LN6364,37,53498.5,Salaried,670.0,16511.36,36,1,Mortgage,Married,Business,0.392,0
LN6365,43,53227.35,Salaried,792.0,4742.21,24,0,Rent,Married,Debt Consolidation,0.085,0
LN6366,46,40348.09,Self-Employed,533.0,12379.26,36,0,Mortgage,Married,Education,0.378,1
LN6367,41,108602.8,Salaried,646.0,5482.31,36,0,Rent,Divorced,Business,0.053,0
LN6368,42,28239.82,Unemployed,581.0,6729.21,48,1,Rent,Single,Medical,0.21,0
LN6369,27,58659.81,Self-Employed,642.0,7828.43,36,0,Mortgage,Divorced,Business,0.151,0
LN6370,34,29914.41,Salaried,638.0,19855.82,36,0,Rent,Single,Business,0.758,0
LN6371,35,64048.08,Business Owner,720.0,12229.23,24,0,Rent,Divorced,Home Improvement,0.18,0
LN6372,27,29187.37,Salaried,653.0,13614.03,36,0,Own,Married,Education,0.38,0
LN6373,29,71104.64,Salaried,677.0,12031.07,60,4,Mortgage,Married,Debt Consolidation,0.152,0
LN6374,28,51847.01,Salaried,686.0,25551.01,12,0,Mortgage,Married,Medical,0.493,0
LN6375,43,117280.01,Salaried,672.0,13392.17,48,0,Mortgage,Single,Other,0.101,0
LN6376,49,42594.92,Business Owner,713.0,15510.96,36,1,Mortgage,Divorced,Other,0.327,1
LN6377,38,60626.24,Salaried,639.0,9488.62,24,1,Mortgage,Single,Medical,0.156,1
LN6378,51,33195.57,Business Owner,798.0,26626.06,60,0,Rent,Single,Debt Consolidation,1.027,0
LN6379,50,42448.78,Self-Employed,850.0,27851.26,36,5,Rent,Married,Medical,0.776,0
LN6380,59,51682.51,Salaried,714.0,13067.28,24,1,Mortgage,Single,Home Improvement,0.243,0
LN6381,55,22842.77,Business Owner,671.0,9409.01,24,2,Own,Single,Other,0.525,0
LN6382,38,24129.44,Salaried,706.0,5066.54,24,3,Mortgage,Married,Other,0.236,1
LN6383,62,66166.51,Salaried,551.0,7933.44,48,2,Mortgage,Married,Business,0.123,0
LN6384,59,45567.8,Salaried,666.0,3640.03,36,0,Mortgage,Single,Home Improvement,0.083,0
LN6385,37,36444.17,Salaried,584.0,7735.8,60,1,Rent,Married,Other,0.213,0
LN6386,34,33911.41,Salaried,696.0,16550.67,24,1,Mortgage,Married,Home Improvement,0.447,0
LN6387,51,34570.49,Self-Employed,585.0,12961.78,12,2,Own,Divorced,Home Improvement,0.372,0
LN6388,44,51858.56,Salaried,619.0,53850.14,12,0,Mortgage,Divorced,Debt Consolidation,1.105,0
LN6389,55,61237.68,Salaried,482.0,10693.23,36,1,Rent,Married,Other,0.186,1
LN6390,64,17222.06,Unemployed,544.0,10203.86,60,2,Rent,Married,Education,0.7,1
LN6391,54,99351.27,Self-Employed,682.0,25277.29,36,2,Mortgage,Married,Debt Consolidation,0.249,0
LN6392,23,95879.78,Business Owner,572.0,4204.2,24,0,Own,Single,Debt Consolidation,0.051,0
LN6393,57,15285.69,Salaried,646.0,5491.41,48,0,Mortgage,Married,Home Improvement,0.391,0
LN6394,63,84369.68,Self-Employed,564.0,19896.61,48,2,Mortgage,Divorced,Education,0.302,0
LN6395,60,83084.17,Business Owner,691.0,11881.59,12,1,Rent,Married,Debt Consolidation,0.142,0
LN6396,46,49031.72,Self-Employed,581.0,12046.17,48,2,Rent,Single,Education,0.307,0
LN6397,43,25627.36,Self-Employed,685.0,7613.74,24,2,Rent,Married,Other,0.36,0
LN6398,64,81439.37,Salaried,512.0,15426.81,12,2,Mortgage,Married,Home Improvement,0.212,0
LN6399,59,43450.8,Salaried,609.0,8227.08,24,0,Mortgage,Married,Debt Consolidation,0.213,1
LN6400,35,64501.22,Salaried,574.0,13955.74,36,1,Rent,Married,Education,0.182,0
LN6401,24,148687.29,Salaried,729.0,6666.9,36,2,Mortgage,Married,Medical,0.057,0
LN6402,49,55598.88,Business Owner,692.0,11974.82,24,1,Rent,Single,Debt Consolidation,0.184,0
LN6403,42,30994.27,Salaried,539.0,45022.67,24,3,Mortgage,Divorced,Debt Consolidation,1.48,1
LN6404,45,41445.5,Unemployed,632.0,10353.07,48,2,Own,Married,Debt Consolidation,0.241,1
LN6405,33,33033.49,Unemployed,580.0,12344.24,60,3,Rent,Single,Education,0.379,1
LN6406,38,60885.17,Salaried,736.0,11831.09,48,0,Own,Single,Business,0.215,0
LN6407,53,32760.09,Salaried,764.0,14834.62,24,1,Mortgage,Divorced,Other,0.568,0
LN6408,36,38699.2,Business Owner,520.0,17692.41,24,1,Mortgage,Divorced,Debt Consolidation,0.47,0
LN6409,62,50438.32,Unemployed,724.0,15589.34,24,0,Rent,Married,Medical,0.782,0
LN6410,64,45887.89,Salaried,576.0,15797.22,12,0,Mortgage,Single,Medical,0.377,0
LN6411,22,53550.34,Salaried,627.0,11986.06,36,2,Own,Single,Home Improvement,0.197,0
LN6412,55,15000.0,Salaried,653.0,14188.31,36,1,Rent,Single,Business,0.847,1
LN6413,62,55814.38,Self-Employed,813.0,11750.21,48,3,Mortgage,Married,Business,0.244,0
LN6414,54,47913.37,Salaried,560.0,4503.39,36,1,Rent,Married,Education,0.078,0
LN6415,50,33439.86,Self-Employed,725.0,64755.18,24,4,Mortgage,Married,Home Improvement,1.48,1
LN6416,33,135173.51,Salaried,545.0,20679.61,24,1,Rent,Married,Education,0.134,0
LN6417,33,79160.94,Salaried,538.0,7423.52,36,1,Own,Single,Home Improvement,0.095,0
LN6418,38,28333.46,Salaried,653.0,15337.2,24,3,Rent,Single,Other,0.636,0
LN6419,52,74542.03,Salaried,652.0,5956.96,24,0,Rent,Single,Business,0.082,0
LN6420,52,91331.32,Salaried,395.0,9931.62,24,1,Rent,Single,Other,0.096,1
LN6421,55,52365.88,Salaried,754.0,5490.68,24,3,Own,Single,Education,0.097,0
LN6422,59,58730.89,Salaried,457.0,12955.67,12,0,Mortgage,Married,Home Improvement,0.217,0
LN6423,49,58056.58,Salaried,637.0,5172.89,48,4,Rent,Married,Business,0.074,1
LN6424,49,17276.32,Salaried,769.0,16865.98,48,0,Own,Married,Business,1.066,0
LN6425,64,44648.02,Unemployed,849.0,20117.24,24,3,Mortgage,Married,Debt Consolidation,0.497,0
LN6426,36,43501.19,Salaried,617.0,8134.03,12,0,Rent,Married,Education,0.155,0
LN6427,64,100215.47,Salaried,521.0,14713.73,48,2,Mortgage,Married,Debt Consolidation,0.147,0
LN6428,30,57922.66,Self-Employed,766.0,7879.51,24,1,Rent,Single,Business,0.137,0
LN6429,50,42243.02,Unemployed,728.0,18161.12,24,1,Own,Divorced,Education,0.416,0
LN6430,45,46860.84,Salaried,606.0,8838.12,12,1,Rent,Single,Education,0.203,0
LN6431,59,81772.21,Self-Employed,595.0,21447.9,24,1,Mortgage,Single,Other,0.255,0
LN6432,40,44699.06,Self-Employed,585.0,4505.46,48,1,Mortgage,Single,Medical,0.102,1
LN6433,25,34575.56,Self-Employed,619.0,7310.12,48,0,Rent,Divorced,Home Improvement,0.253,0
LN6434,21,42708.31,Salaried,678.0,6868.56,24,4,Own,Divorced,Medical,0.142,0
LN6435,50,78460.3,Self-Employed,599.0,15093.39,24,1,Rent,Married,Medical,0.213,0
LN6436,23,62823.37,Salaried,610.0,18639.79,12,0,Rent,Married,Business,0.312,0
LN6437,34,50117.92,Self-Employed,708.0,15809.75,12,1,Mortgage,Married,Other,0.3,0
LN6438,50,53947.66,Self-Employed,517.0,9843.97,60,1,Rent,Divorced,Home Improvement,0.212,0
LN6439,24,37053.9,Salaried,616.0,2497.26,36,1,Mortgage,Married,Medical,0.072,0
LN6440,38,44490.25,Business Owner,499.0,13673.59,36,0,Rent,Divorced,Medical,0.319,0
LN6441,57,35184.04,Salaried,660.0,21436.05,48,1,Mortgage,Single,Education,0.691,0
LN6442,45,42302.88,Business Owner,475.0,66723.02,48,2,Rent,Single,Business,1.48,1
LN6443,21,96094.67,Salaried,730.0,10356.43,48,3,Rent,Divorced,Medical,0.139,0
LN6444,35,28597.2,Salaried,532.0,8962.56,12,1,Own,Single,Home Improvement,0.349,1
LN6445,29,34739.8,Salaried,490.0,16190.06,24,0,Rent,Divorced,Debt Consolidation,0.577,1
LN6446,35,26182.61,Unemployed,617.0,11456.41,36,1,Own,Married,Debt Consolidation,0.35,0
LN6447,44,23495.06,Salaried,804.0,28716.41,24,1,Mortgage,Divorced,Business,1.302,0
LN6448,24,44650.2,Salaried,714.0,8226.26,60,1,Own,Single,Debt Consolidation,0.167,0
LN6449,32,35997.16,Salaried,477.0,11506.78,36,1,Own,Married,Education,0.271,0
LN6450,57,118284.08,Self-Employed,529.0,22600.51,60,0,Own,Married,Education,0.204,1
LN6451,57,42556.03,Salaried,614.0,16074.97,24,0,Mortgage,Married,Home Improvement,0.443,0
LN6452,63,93404.84,Salaried,850.0,26815.21,48,0,Mortgage,Married,Other,0.289,0
LN6453,26,79539.04,Salaried,565.0,10281.08,24,2,Mortgage,Divorced,Business,0.147,0
LN6454,59,44157.71,Salaried,566.0,28508.87,60,0,Own,Married,Business,0.675,0
LN6455,44,140796.07,Salaried,787.0,4923.11,24,2,Rent,Single,Debt Consolidation,0.036,0
LN6456,31,56065.0,Salaried,668.0,5042.8,36,2,Rent,Divorced,Medical,0.085,0
LN6457,33,104454.27,Self-Employed,745.0,28779.65,48,3,Mortgage,Single,Medical,0.273,0
LN6458,54,98547.94,Salaried,585.0,13418.77,36,1,Rent,Single,Other,0.133,1
LN6459,45,60314.27,Salaried,641.0,23213.51,36,4,Rent,Single,Medical,0.432,0
LN6460,27,71365.18,Salaried,768.0,14181.34,60,0,Rent,Divorced,Other,0.17,0
LN6461,24,66972.39,Unemployed,637.0,13303.41,36,1,Mortgage,Single,Home Improvement,0.168,0
LN6462,28,27663.5,Unemployed,751.0,6022.08,36,1,Own,Single,Business,0.246,0
LN6463,40,50445.32,Business Owner,685.0,13146.31,12,2,Rent,Divorced,Debt Consolidation,0.28,0
LN6464,49,83878.42,Salaried,556.0,30241.32,48,0,Rent,Married,Home Improvement,0.366,0
LN6465,30,105144.74,Salaried,649.0,13821.8,36,3,Own,Single,Education,0.115,0
LN6466,63,34189.72,Salaried,738.0,20115.52,36,0,Mortgage,Married,Education,0.592,0
LN6467,54,63857.9,Salaried,710.0,19783.91,12,1,Rent,Divorced,Education,0.37,0
LN6468,46,52861.74,Salaried,646.0,7276.28,36,2,Rent,Single,Other,0.171,0
LN6469,61,46215.15,Business Owner,480.0,22343.22,12,1,Rent,Married,Other,0.557,1
LN6470,23,58571.37,Business Owner,488.0,11067.44,12,2,Own,Married,Business,0.157,0
LN6471,26,54666.08,Business Owner,508.0,11432.42,36,1,Mortgage,Married,Education,0.237,0
LN6472,25,64260.72,Salaried,604.0,47033.58,24,1,Own,Married,Other,0.674,0
LN6473,25,100796.45,Self-Employed,616.0,19117.93,24,2,Mortgage,Married,Other,0.182,0
LN6474,43,72552.36,Salaried,517.0,9107.91,36,0,Own,Single,Medical,0.113,0
LN6475,29,57256.45,Salaried,742.0,13887.2,12,1,Rent,Married,Other,0.288,0
LN6476,55,124531.32,Self-Employed,536.0,13656.51,24,2,Mortgage,Single,Education,0.123,0
LN6477,40,85388.34,Salaried,527.0,36741.27,12,0,Rent,Married,Home Improvement,0.476,0
LN6478,62,46807.6,Salaried,658.0,13679.81,36,0,Own,Single,Education,0.331,0
LN6479,55,26673.87,Salaried,738.0,50251.68,36,1,Own,Married,Medical,1.48,1
LN6480,38,29914.08,Self-Employed,835.0,6136.2,48,1,Mortgage,Single,Education,0.21,0
LN6481,37,78168.05,Business Owner,702.0,13102.89,24,6,Mortgage,Married,Debt Consolidation,0.187,0
LN6482,44,35769.25,Salaried,792.0,8453.08,12,0,Rent,Married,Medical,0.264,0
LN6483,23,29613.1,Business Owner,541.0,9927.89,12,0,Mortgage,Married,Business,0.401,0
LN6484,52,33555.54,Salaried,844.0,10058.04,36,2,Own,Married,Education,0.283,0
LN6485,55,34762.96,Salaried,482.0,8718.62,60,3,Own,Married,Other,0.297,0
LN6486,58,75006.03,Self-Employed,605.0,37725.94,24,2,Own,Single,Home Improvement,0.513,0
LN6487,33,50642.455,Self-Employed,700.0,31367.77,24,1,Rent,Single,Education,0.786,0
LN6488,45,24681.59,Unemployed,506.0,17010.51,12,0,Mortgage,Married,Home Improvement,0.708,1
LN6489,29,49787.66,Salaried,567.0,10050.61,36,3,Rent,Divorced,Debt Consolidation,0.257,0
LN6490,24,54782.88,Self-Employed,552.0,8866.72,36,1,Rent,Single,Business,0.144,1
LN6491,34,38573.92,Self-Employed,622.0,20849.5,36,0,Own,Single,Other,0.615,1
LN6492,57,87373.08,Unemployed,778.0,15995.95,48,1,Own,Single,Medical,0.199,0
LN6493,54,39716.84,Salaried,652.0,12247.83,36,0,Rent,Married,Medical,0.273,0
LN6494,31,85320.4,Business Owner,608.0,18485.02,12,1,Rent,Single,Business,0.18,0
LN6495,61,66064.8,Self-Employed,390.0,22802.88,24,3,Mortgage,Married,Debt Consolidation,0.414,1
LN6496,23,77909.47,Salaried,692.0,12180.31,36,1,Own,Single,Debt Consolidation,0.137,0
LN6497,48,28303.04,Salaried,721.0,8329.88,36,2,Own,Single,Education,0.263,1
LN6498,49,51490.63,Salaried,497.0,6047.08,36,2,Mortgage,Single,Debt Consolidation,0.151,0
LN6499,29,47742.92,Self-Employed,644.0,15527.67,36,1,Own,Married,Education,0.377,0
LN6500,23,24076.63,Business Owner,667.0,49037.84,36,0,Own,Married,Home Improvement,1.48,1
LN6501,45,50642.455,Self-Employed,737.0,6860.96,48,1,Mortgage,Single,Business,0.088,0
LN6502,54,32574.97,Self-Employed,585.0,25840.06,36,2,Own,Divorced,Home Improvement,0.846,1
LN6503,32,36142.19,Salaried,571.0,8907.66,48,1,Own,Single,Home Improvement,0.301,0
LN6504,62,29535.32,Salaried,609.0,10052.54,24,0,Rent,Married,Home Improvement,0.396,0
LN6505,29,69605.1,Salaried,766.0,23131.58,36,0,Mortgage,Married,Home Improvement,0.404,0
LN6506,35,22857.51,Salaried,744.0,11462.6,60,1,Rent,Single,Medical,0.454,0
LN6507,60,66765.21,Salaried,648.0,15505.59,24,1,Mortgage,Married,Debt Consolidation,0.26,0
LN6508,45,82640.65,Salaried,742.0,15328.31,48,2,Rent,Married,Business,0.152,0
LN6509,25,64124.98,Salaried,437.0,8916.26,48,1,Own,Single,Business,0.116,1
LN6510,31,70004.46,Salaried,721.0,22858.05,12,0,Rent,Married,Other,0.378,0
LN6511,54,71666.11,Salaried,549.0,12875.1,36,1,Own,Single,Home Improvement,0.146,0
LN6512,44,30494.08,Salaried,809.0,5807.43,12,0,Own,Married,Business,0.208,0
LN6513,35,100445.19,Salaried,554.0,7820.55,60,0,Rent,Single,Education,0.095,0
LN6514,58,38947.19,Unemployed,573.0,2059.07,48,1,Mortgage,Married,Business,0.052,0
LN6515,28,47420.32,Business Owner,701.0,13783.06,12,0,Rent,Single,Home Improvement,0.239,0
LN6516,25,41509.66,Self-Employed,709.0,29215.07,12,1,Mortgage,Single,Business,0.814,0
LN6517,46,62678.33,Salaried,610.0,7127.46,36,2,Mortgage,Single,Debt Consolidation,0.144,0
LN6518,38,37458.22,Business Owner,683.0,18983.45,24,3,Mortgage,Single,Home Improvement,0.587,0
LN6519,26,50688.68,Business Owner,695.0,17297.9,12,3,Rent,Married,Medical,0.372,0
LN6520,57,26431.93,Business Owner,685.0,8508.95,36,0,Mortgage,Single,Debt Consolidation,0.295,0
LN6521,33,87757.5,Salaried,614.0,33587.88,24,2,Rent,Married,Business,0.309,1
LN6522,48,68553.55,Self-Employed,695.0,11343.54,12,3,Own,Single,Medical,0.19,0
LN6523,25,42356.2,Business Owner,777.0,44629.98,48,2,Rent,Married,Other,0.965,0
LN6524,33,38770.91,Self-Employed,540.0,5007.0,60,1,Mortgage,Married,Debt Consolidation,0.159,1
LN6525,37,67664.31,Self-Employed,574.0,11367.56,48,1,Own,Divorced,Other,0.174,0
LN6526,60,34418.63,Salaried,652.0,12208.02,48,0,Mortgage,Divorced,Education,0.378,0
LN6527,52,52191.9,Salaried,555.0,13038.11,24,2,Mortgage,Divorced,Debt Consolidation,0.294,0
LN6528,49,87614.29,Salaried,488.0,20533.2,24,0,Own,Married,Medical,0.279,0
LN6529,23,32675.19,Self-Employed,748.0,102629.06,24,1,Own,Single,Other,1.48,1
LN6530,60,58941.48,Salaried,449.0,17554.05,48,1,Mortgage,Married,Education,0.378,0
LN6531,54,57403.62,Salaried,614.0,13555.45,60,2,Mortgage,Divorced,Other,0.305,1
LN6532,60,46692.16,Salaried,718.0,6920.76,48,0,Mortgage,Single,Business,0.189,0
LN6533,47,38105.17,Salaried,674.0,4298.13,48,3,Own,Married,Home Improvement,0.137,1
LN6534,33,89985.02,Salaried,615.0,26961.27,36,1,Own,Single,Other,0.345,0
LN6535,53,36359.68,Self-Employed,551.0,9623.17,24,0,Rent,Married,Business,0.3,0
LN6536,26,19810.76,Business Owner,681.0,63735.37,36,0,Rent,Married,Home Improvement,1.48,1
LN6537,44,67525.92,Salaried,646.0,22492.27,12,1,Mortgage,Married,Home Improvement,0.312,0
LN6538,39,26885.66,Salaried,674.0,16398.34,12,4,Rent,Married,Medical,0.49,0
LN6539,36,69282.01,Salaried,663.0,16923.82,36,1,Rent,Divorced,Education,0.212,0
LN6540,60,95554.46,Business Owner,664.0,17024.11,36,0,Own,Married,Education,0.182,0
LN6541,48,67162.81,Salaried,592.0,8806.63,36,1,Own,Married,Debt Consolidation,0.115,0
LN6542,53,83759.56,Salaried,833.0,4670.86,36,3,Rent,Single,Business,0.07,0
LN6543,61,134594.87,Salaried,682.0,9600.68,24,1,Rent,Married,Medical,0.086,0
LN6544,33,79489.5,Self-Employed,625.0,13213.39,36,1,Rent,Married,Other,0.139,0
LN6545,63,57831.37,Business Owner,674.0,9057.15,36,1,Rent,Single,Business,0.145,0
LN6546,45,110965.44,Business Owner,580.0,6175.53,24,0,Mortgage,Single,Other,0.067,0
LN6547,62,117875.91,Self-Employed,615.0,8527.69,48,1,Own,Married,Other,0.087,0
LN6548,56,118703.72,Salaried,850.0,24870.55,36,1,Own,Married,Other,0.267,0
LN6549,47,38327.7,Salaried,581.0,20929.55,36,1,Own,Married,Debt Consolidation,0.709,0
LN6550,58,24909.16,Salaried,643.0,14806.86,48,0,Own,Single,Debt Consolidation,0.766,0
LN6551,27,37175.45,Salaried,609.0,19001.23,48,2,Mortgage,Single,Medical,0.514,0
LN6552,25,69690.61,Salaried,556.0,6773.95,48,0,Own,Married,Debt Consolidation,0.09,0
LN6553,63,53081.27,Salaried,688.0,8289.5,24,1,Own,Single,Medical,0.184,0
LN6554,51,44212.35,Salaried,653.0,16100.56,12,1,Mortgage,Single,Debt Consolidation,0.346,0
LN6555,43,64876.5,Unemployed,732.0,7312.17,24,1,Mortgage,Single,Education,0.136,1
LN6556,62,23496.28,Self-Employed,723.0,14257.51,24,1,Mortgage,Single,Medical,0.647,0
LN6557,30,52605.96,Business Owner,731.0,6263.44,60,4,Mortgage,Single,Education,0.143,0
LN6558,52,85753.21,Self-Employed,567.0,4965.32,36,0,Rent,Single,Education,0.054,0
LN6559,63,64515.31,Salaried,708.0,20777.94,12,0,Rent,Single,Medical,0.339,0
LN6560,50,69279.54,Self-Employed,710.0,24741.26,12,1,Own,Married,Business,0.386,0
LN6561,59,108954.58,Salaried,558.0,9149.98,24,0,Own,Single,Home Improvement,0.107,0
LN6562,51,47426.12,Self-Employed,621.0,5365.38,36,1,Rent,Married,Debt Consolidation,0.106,0
LN6563,38,35364.16,Salaried,519.0,3550.97,48,0,Mortgage,Divorced,Other,0.127,0
LN6564,56,88854.68,Unemployed,710.0,40344.09,48,0,Rent,Married,Debt Consolidation,0.546,0
LN6565,22,88041.21,Salaried,710.0,14283.13,60,1,Own,Single,Other,0.189,0
LN6566,34,64805.51,Salaried,779.0,9276.17,24,2,Rent,Divorced,Business,0.171,0
LN6567,33,45243.51,Unemployed,629.0,10739.17,24,0,Rent,Single,Home Improvement,0.262,1
LN6568,49,49054.63,Salaried,691.0,4238.65,24,1,Rent,Single,Business,0.08,0
LN6569,32,25890.04,Self-Employed,739.0,19378.88,24,1,Own,Divorced,Home Improvement,0.67,0
LN6570,59,85517.24,Self-Employed,582.0,44358.72,60,0,Rent,Divorced,Medical,0.64,1
LN6571,22,84021.3,Business Owner,568.0,8352.75,36,2,Rent,Married,Medical,0.116,0
LN6572,52,25442.05,Unemployed,585.0,55830.42,48,2,Rent,Married,Other,1.48,1
LN6573,33,75645.71,Unemployed,619.0,12458.48,36,3,Own,Married,Education,0.182,0
LN6574,47,59997.06,Salaried,572.0,36317.39,12,0,Rent,Single,Education,0.62,0
LN6575,61,29407.73,Business Owner,589.0,16063.95,12,3,Own,Single,Other,0.48,0
LN6576,37,26822.59,Self-Employed,729.0,16053.44,36,1,Own,Married,Medical,0.638,0
LN6577,60,59085.84,Self-Employed,641.0,40390.72,48,1,Mortgage,Divorced,Other,0.643,1
LN6578,51,40180.94,Salaried,678.0,21367.41,24,3,Mortgage,Single,Education,0.451,0
LN6579,54,121780.37,Self-Employed,600.0,16729.16,48,0,Rent,Married,Other,0.142,0
LN6580,44,78928.62,Unemployed,646.0,4168.03,48,1,Rent,Single,Medical,0.058,0
LN6581,55,62121.45,Unemployed,676.0,5408.22,36,1,Own,Married,Business,0.072,0
LN6582,26,63674.5,Salaried,661.0,17590.83,48,2,Rent,Married,Debt Consolidation,0.277,0
LN6583,39,95361.82,Salaried,720.0,32230.55,36,2,Rent,Married,Medical,0.314,0
LN6584,50,74851.32,Salaried,767.0,14430.09,36,3,Own,Single,Other,0.157,0
LN6585,27,62936.6,Business Owner,588.0,9369.52,48,1,Mortgage,Married,Medical,0.128,0
LN6586,30,30027.52,Self-Employed,728.0,4431.52,60,0,Mortgage,Married,Medical,0.128,0
LN6587,61,226607.22,Salaried,553.0,8348.6,24,1,Mortgage,Single,Education,0.033,0
LN6588,52,28237.57,Salaried,837.0,14452.01,36,3,Mortgage,Single,Other,0.615,1
LN6589,54,41928.82,Salaried,579.0,7991.44,24,2,Mortgage,Married,Education,0.194,0
LN6590,48,21431.9,Salaried,712.0,7490.06,24,0,Own,Married,Other,0.305,0
LN6591,35,64176.93,Unemployed,552.0,12956.2,36,2,Rent,Single,Education,0.172,0
LN6592,50,52868.09,Self-Employed,636.0,31858.1,60,3,Rent,Married,Education,0.572,1
LN6593,57,71871.73,Salaried,789.0,20147.42,24,1,Mortgage,Divorced,Business,0.336,0
LN6594,49,47508.68,Salaried,576.0,15859.49,24,1,Mortgage,Single,Medical,0.758,1
LN6595,42,85515.49,Salaried,848.0,14959.35,24,2,Mortgage,Married,Business,0.154,0
LN6596,24,32737.69,Unemployed,650.0,18596.08,36,3,Mortgage,Single,Education,0.569,1
LN6597,40,45501.36,Salaried,738.0,12505.47,24,2,Mortgage,Single,Business,0.296,0
LN6598,52,78103.15,Salaried,686.0,10439.49,24,2,Mortgage,Single,Medical,0.109,0
LN6599,56,55861.65,Salaried,691.0,20804.33,48,1,Mortgage,Married,Medical,0.415,0
LN6600,24,57870.98,Self-Employed,522.0,11669.84,12,0,Own,Married,Education,0.201,0
LN6601,47,73100.42,Self-Employed,607.0,6547.52,36,0,Mortgage,Single,Medical,0.072,0
LN6602,37,60742.28,Self-Employed,758.0,31760.54,48,1,Rent,Married,Business,0.594,0
LN6603,32,41334.22,Salaried,619.0,4350.49,24,2,Own,Married,Home Improvement,0.122,0
LN6604,42,45105.77,Salaried,662.0,33222.87,36,1,Own,Single,Medical,0.821,0
LN6605,37,54499.09,Salaried,511.0,18103.73,36,0,Own,Married,Business,0.323,1
LN6606,30,31326.57,Self-Employed,602.0,7468.95,36,3,Rent,Married,Business,0.254,0
LN6607,21,80660.51,Salaried,751.0,13555.57,36,3,Rent,Married,Business,0.167,0
LN6608,42,56631.86,Self-Employed,535.0,10328.7,24,3,Mortgage,Married,Medical,0.21,0
LN6609,46,50888.29,Business Owner,715.0,21690.63,48,1,Rent,Single,Home Improvement,0.465,0
LN6610,38,88987.24,Business Owner,666.0,21434.54,48,1,Mortgage,Married,Education,0.203,1
LN6611,34,46163.43,Salaried,629.0,17620.5,24,0,Rent,Single,Education,0.428,0
LN6612,49,44747.44,Salaried,625.0,20906.8,12,1,Mortgage,Married,Medical,0.534,0
LN6613,32,38471.99,Salaried,606.0,12470.24,12,0,Own,Divorced,Medical,0.319,0
LN6614,56,50642.455,Self-Employed,614.0,38445.81,12,1,Rent,Single,Debt Consolidation,0.818,0
LN6615,55,57195.19,Business Owner,734.0,27838.19,36,3,Mortgage,Married,Other,0.595,0
LN6616,32,35131.66,Salaried,611.0,10034.62,12,2,Rent,Married,Home Improvement,0.254,1
LN6617,27,44853.33,Salaried,813.0,21731.48,24,2,Mortgage,Married,Business,0.607,0
LN6618,49,35249.23,Business Owner,677.0,20622.73,48,0,Rent,Single,Other,0.597,0
LN6619,31,34460.39,Business Owner,598.0,11431.67,24,0,Mortgage,Divorced,Business,0.385,0
LN6620,53,20641.34,Salaried,738.0,10905.76,48,1,Own,Married,Other,0.638,1
LN6621,26,43675.6,Self-Employed,706.0,27686.63,48,0,Rent,Single,Education,0.667,0
LN6622,35,20929.05,Salaried,501.0,13242.46,24,1,Rent,Single,Other,0.632,0
LN6623,52,38893.88,Salaried,557.0,15616.81,48,1,Rent,Married,Medical,0.505,1
LN6624,31,36085.73,Unemployed,640.0,30966.54,48,1,Rent,Single,Home Improvement,0.786,0
LN6625,43,82946.2,Business Owner,507.0,61083.89,24,1,Rent,Single,Education,0.684,0
LN6626,46,29511.42,Business Owner,838.0,9740.28,24,2,Mortgage,Married,Other,0.324,0
LN6627,54,33503.55,Salaried,724.0,11701.35,36,3,Own,Married,Home Improvement,0.429,0
LN6628,54,40507.32,Business Owner,649.0,13966.3,60,1,Own,Married,Medical,0.438,0
LN6629,49,36677.85,Salaried,619.0,14158.1,36,0,Mortgage,Single,Business,0.351,1
LN6630,24,97209.86,Salaried,596.0,16744.3,24,3,Rent,Married,Debt Consolidation,0.212,0
LN6631,37,27742.38,Salaried,473.0,9955.62,36,1,Own,Divorced,Home Improvement,0.333,1
LN6632,55,40550.27,Salaried,494.0,6249.68,36,0,Rent,Single,Business,0.198,1
LN6633,33,57874.53,Business Owner,821.0,38265.16,36,0,Mortgage,Married,Home Improvement,0.726,0
LN6634,61,76160.0,Self-Employed,792.0,19288.21,48,1,Rent,Divorced,Home Improvement,0.204,0
LN6635,59,40533.3,Salaried,598.0,10392.9,36,2,Own,Married,Home Improvement,0.209,0
LN6636,35,18787.56,Salaried,732.0,17365.97,48,0,Mortgage,Married,Medical,0.808,0
LN6637,49,45476.36,Salaried,696.0,40125.62,48,3,Rent,Single,Education,0.789,1
LN6638,49,47508.68,Salaried,706.0,8326.4,36,1,Mortgage,Married,Home Improvement,0.102,0
LN6639,31,56449.05,Self-Employed,522.0,15164.07,24,3,Mortgage,Married,Medical,0.245,0
LN6640,52,55171.89,Business Owner,487.0,5802.71,48,1,Own,Married,Debt Consolidation,0.135,0
LN6641,22,28810.38,Salaried,756.0,12444.01,60,0,Own,Divorced,Education,0.483,0
LN6642,34,27368.94,Salaried,472.0,19340.51,12,2,Own,Single,Medical,0.81,0
LN6643,40,49465.01,Self-Employed,637.0,6844.26,36,0,Rent,Single,Debt Consolidation,0.126,0
LN6644,42,24024.05,Business Owner,617.0,11940.36,24,1,Mortgage,Single,Education,0.619,1
LN6645,31,72452.11,Salaried,609.0,21589.37,48,0,Mortgage,Married,Medical,0.338,0
LN6646,47,32102.1,Salaried,678.0,19025.21,48,0,Own,Single,Debt Consolidation,0.73,0
LN6647,23,48420.15,Self-Employed,589.0,6670.31,12,2,Rent,Married,Medical,0.176,1
LN6648,37,19093.75,Salaried,686.0,16718.4,48,1,Rent,Single,Debt Consolidation,0.755,0
LN6649,64,40259.41,Salaried,663.0,18680.42,24,1,Own,Married,Home Improvement,0.394,0
LN6650,48,27094.06,Self-Employed,839.0,14253.98,48,3,Mortgage,Single,Home Improvement,0.632,0
LN6651,49,15352.32,Self-Employed,525.0,25683.49,36,1,Own,Divorced,Education,1.48,1
LN6652,41,64274.68,Self-Employed,653.0,9379.97,24,1,Rent,Married,Debt Consolidation,0.159,0
LN6653,36,111366.27,Self-Employed,689.0,17111.24,24,0,Rent,Divorced,Home Improvement,0.151,0
LN6654,57,86226.84,Self-Employed,627.0,6640.08,24,2,Rent,Married,Education,0.087,0
LN6655,40,47508.68,Salaried,530.0,5113.42,36,3,Own,Single,Business,0.071,0
LN6656,26,39852.46,Salaried,763.0,21346.59,36,1,Mortgage,Single,Home Improvement,0.492,0
LN6657,39,73346.14,Salaried,680.0,13525.57,12,4,Own,Divorced,Home Improvement,0.193,0
LN6658,25,90393.41,Salaried,536.0,10116.77,12,0,Mortgage,Married,Other,0.102,0
LN6659,23,52491.73,Self-Employed,689.0,7050.87,12,0,Mortgage,Single,Medical,0.14,0
LN6660,21,27114.39,Business Owner,803.0,21944.27,48,1,Own,Married,Business,1.035,1
LN6661,58,38189.19,Unemployed,647.0,5405.6,48,1,Rent,Married,Debt Consolidation,0.173,1
LN6662,35,114846.1,Self-Employed,650.0,24239.2,12,3,Mortgage,Single,Education,0.268,0
LN6663,54,47222.6,Salaried,791.0,17511.24,36,0,Rent,Single,Business,0.446,0
LN6664,55,15000.0,Salaried,563.0,5570.97,12,2,Mortgage,Married,Debt Consolidation,0.363,0
LN6665,45,23518.4,Business Owner,805.0,14408.55,60,0,Rent,Single,Home Improvement,0.739,0
LN6666,44,39647.2,Self-Employed,738.0,65659.33,60,0,Rent,Single,Other,1.48,1
LN6667,32,82282.41,Self-Employed,567.0,27272.96,36,3,Rent,Single,Education,0.422,0
LN6668,38,42763.44,Business Owner,590.0,8128.92,60,2,Rent,Single,Education,0.217,0
LN6669,35,83051.47,Self-Employed,603.0,20537.82,48,4,Rent,Married,Business,0.224,1
LN6670,64,37681.28,Business Owner,485.0,5712.73,48,2,Mortgage,Single,Medical,0.124,0
LN6671,36,18358.61,Salaried,673.0,5867.66,36,1,Own,Single,Debt Consolidation,0.279,0
LN6672,47,38338.87,Self-Employed,571.0,12830.96,24,2,Rent,Divorced,Other,0.429,0
LN6673,28,58248.43,Business Owner,677.0,18601.39,24,2,Rent,Single,Other,0.329,0
LN6674,45,55880.75,Salaried,534.0,21737.59,24,2,Rent,Single,Business,0.477,0
LN6675,37,26172.02,Self-Employed,733.0,21919.02,36,1,Mortgage,Married,Medical,0.865,0
LN6676,49,41126.25,Salaried,716.0,17977.03,24,1,Mortgage,Married,Medical,0.494,0
LN6677,28,187650.62,Unemployed,586.0,5072.58,24,2,Rent,Married,Medical,0.022,0
LN6678,35,26459.37,Salaried,682.0,12880.13,36,1,Rent,Single,Education,0.45,0
LN6679,47,68211.04,Self-Employed,657.0,23889.85,24,4,Own,Divorced,Debt Consolidation,0.357,0
LN6680,27,17182.77,Salaried,783.0,17430.46,36,2,Mortgage,Married,Debt Consolidation,1.131,1
LN6681,23,75500.6,Self-Employed,557.0,14902.19,60,2,Mortgage,Married,Business,0.175,0
LN6682,49,31377.22,Salaried,636.0,16277.44,48,1,Own,Single,Home Improvement,0.613,0
LN6683,64,59936.69,Salaried,592.0,16115.1,36,1,Own,Single,Business,0.264,0
LN6684,44,25699.77,Salaried,654.0,4109.52,36,1,Mortgage,Married,Debt Consolidation,0.193,0
LN6685,23,56694.16,Unemployed,698.0,26713.78,36,1,Rent,Divorced,Education,0.4,1
LN6686,40,31122.14,Salaried,591.0,12502.45,24,3,Own,Married,Business,0.458,0
LN6687,35,34285.44,Salaried,617.0,20425.75,48,0,Mortgage,Single,Home Improvement,0.564,0
LN6688,45,61144.37,Business Owner,737.0,3349.66,24,2,Rent,Single,Other,0.066,0
LN6689,50,39529.69,Salaried,772.0,36192.06,12,0,Rent,Married,Business,0.917,0
LN6690,34,59289.69,Unemployed,694.0,6675.19,48,0,Rent,Married,Medical,0.128,0
LN6691,27,44559.44,Salaried,638.0,61377.87,24,0,Mortgage,Single,Home Improvement,1.48,0
LN6692,37,50703.33,Self-Employed,629.0,47645.54,24,0,Rent,Single,Medical,0.761,0
LN6693,64,61239.23,Salaried,699.0,6033.31,12,3,Own,Married,Education,0.079,0
LN6694,40,41150.48,Salaried,670.0,21812.14,12,3,Rent,Married,Debt Consolidation,0.628,0
LN6695,56,29791.4,Self-Employed,502.0,7256.65,24,2,Rent,Married,Business,0.274,1
LN6696,29,37565.59,Self-Employed,702.0,9102.97,12,3,Own,Married,Business,0.229,0
LN6697,58,89104.9,Business Owner,573.0,9227.1,36,1,Mortgage,Married,Medical,0.108,0
LN6698,42,51952.57,Salaried,522.0,17479.05,48,1,Own,Single,Medical,0.276,0
LN6699,22,32130.17,Salaried,500.0,16232.68,24,2,Rent,Married,Debt Consolidation,0.453,0
LN6700,44,59920.88,Salaried,631.0,6496.67,48,1,Mortgage,Divorced,Business,0.11,0
LN6701,28,61954.64,Unemployed,559.0,17395.57,24,0,Rent,Divorced,Debt Consolidation,0.342,0
LN6702,31,63576.52,Salaried,441.0,11819.84,24,1,Own,Divorced,Medical,0.193,0
LN6703,33,30063.93,Salaried,618.0,4481.3,24,1,Own,Single,Other,0.163,0
LN6704,37,34849.86,Salaried,606.0,10296.72,36,0,Rent,Married,Medical,0.365,0
LN6705,28,34946.91,Self-Employed,637.0,36179.8,36,2,Rent,Divorced,Home Improvement,0.988,0
LN6706,41,40932.35,Salaried,593.0,10507.36,36,3,Rent,Married,Medical,0.295,1
LN6707,38,64180.81,Unemployed,815.0,4441.19,48,2,Mortgage,Single,Medical,0.085,0
LN6708,50,56845.5,Salaried,697.0,21778.53,36,5,Own,Divorced,Other,0.345,0
LN6709,38,59136.79,Business Owner,605.0,7657.91,36,3,Mortgage,Married,Debt Consolidation,0.127,0
LN6710,51,96472.14,Salaried,644.0,15194.02,60,2,Mortgage,Single,Home Improvement,0.203,0
LN6711,58,69178.5,Self-Employed,777.0,12049.86,24,5,Own,Single,Home Improvement,0.225,0
LN6712,52,45665.54,Unemployed,736.0,38445.7,24,1,Rent,Married,Business,0.767,0
LN6713,31,27120.83,Salaried,524.0,12054.94,48,1,Mortgage,Married,Other,0.37,1
LN6714,45,34294.03,Unemployed,562.0,6722.71,36,0,Own,Single,Education,0.183,1
LN6715,53,43008.26,Salaried,580.0,10083.86,24,1,Mortgage,Married,Business,0.234,0
LN6716,58,74203.38,Unemployed,610.0,6391.56,24,2,Mortgage,Married,Business,0.088,0
LN6717,61,48355.44,Self-Employed,596.0,11783.33,36,0,Rent,Married,Business,0.27,1
LN6718,28,35309.31,Salaried,653.0,38633.48,36,3,Mortgage,Single,Home Improvement,1.367,1
LN6719,31,33980.89,Salaried,716.0,28256.56,24,2,Mortgage,Married,Debt Consolidation,0.803,1
LN6720,42,47344.73,Salaried,731.0,45465.74,60,0,Own,Single,Medical,1.176,0
LN6721,44,76496.0,Salaried,621.0,17810.62,48,1,Rent,Single,Home Improvement,0.197,0
LN6722,61,108609.01,Salaried,503.0,14557.48,36,0,Rent,Single,Medical,0.11,0
LN6723,37,44228.1,Salaried,556.0,7339.49,36,3,Rent,Married,Medical,0.175,1
LN6724,32,47936.3,Salaried,603.0,15706.04,48,1,Own,Single,Education,0.272,0
LN6725,52,26716.3,Business Owner,538.0,12354.59,12,2,Mortgage,Single,Business,0.461,1
LN6726,35,129261.96,Salaried,753.0,21315.22,24,0,Rent,Single,Education,0.206,0
LN6727,36,24330.81,Salaried,544.0,6813.4,36,2,Rent,Married,Business,0.258,1
LN6728,42,88065.06,Self-Employed,706.0,13788.77,48,3,Rent,Divorced,Home Improvement,0.181,0
LN6729,48,40836.52,Salaried,499.0,5197.34,12,2,Rent,Divorced,Medical,0.121,1
LN6730,40,36327.01,Salaried,709.0,16359.56,60,0,Own,Single,Education,0.37,0
LN6731,53,28141.43,Salaried,637.0,20039.31,36,0,Rent,Single,Other,0.768,1
LN6732,30,163574.58,Unemployed,786.0,5049.75,24,1,Rent,Single,Home Improvement,0.038,0
LN6733,60,54761.67,Business Owner,548.0,5979.84,24,2,Rent,Married,Home Improvement,0.11,1
LN6734,52,49545.18,Salaried,599.0,6138.97,24,0,Mortgage,Single,Other,0.137,0
LN6735,53,76371.6,Self-Employed,617.0,12009.16,48,1,Mortgage,Single,Business,0.197,0
LN6736,22,35404.13,Salaried,636.0,5776.25,60,3,Mortgage,Married,Medical,0.195,0
LN6737,53,49066.07,Self-Employed,619.0,30549.21,36,0,Own,Single,Business,0.558,0
LN6738,53,50421.26,Self-Employed,621.0,17355.97,60,1,Mortgage,Single,Business,0.402,0
LN6739,61,37946.29,Self-Employed,619.0,19137.86,48,2,Rent,Single,Home Improvement,0.53,0
LN6740,33,89305.56,Salaried,464.0,5149.07,36,1,Own,Single,Business,0.068,0
LN6741,50,43944.06,Salaried,739.0,29024.83,36,2,Own,Married,Debt Consolidation,0.692,0
LN6742,53,22548.73,Salaried,850.0,19727.44,36,1,Own,Divorced,Other,0.756,0
LN6743,33,42161.02,Business Owner,677.0,8871.44,36,0,Mortgage,Single,Other,0.228,0
LN6744,46,55525.04,Self-Employed,548.0,5297.23,12,0,Rent,Single,Medical,0.1,0
LN6745,42,31358.9,Business Owner,557.0,12763.23,36,2,Own,Divorced,Other,0.431,1
LN6746,59,32620.71,Unemployed,705.0,10098.49,12,0,Own,Divorced,Business,0.384,0
LN6747,22,37304.55,Salaried,646.0,10353.13,48,0,Rent,Single,Business,0.346,0
LN6748,58,90275.18,Self-Employed,624.0,8749.4,48,0,Rent,Married,Education,0.1,0
LN6749,59,38423.36,Self-Employed,718.0,20596.19,24,1,Own,Single,Medical,0.551,0
LN6750,46,100163.44,Unemployed,464.0,2806.39,24,0,Rent,Married,Medical,0.03,0
LN6751,35,36045.05,Unemployed,718.0,31506.74,36,3,Rent,Divorced,Other,0.926,1
LN6752,54,57670.85,Self-Employed,671.0,24315.51,36,1,Rent,Married,Business,0.538,0
LN6753,62,39217.51,Salaried,560.0,15159.93,24,0,Mortgage,Married,Debt Consolidation,0.435,0
LN6754,64,71470.61,Business Owner,521.0,12253.28,36,0,Rent,Single,Education,0.161,0
LN6755,60,28025.3,Salaried,661.0,25586.76,24,2,Own,Married,Debt Consolidation,0.973,0
LN6756,31,71070.65,Business Owner,777.0,13025.24,12,2,Own,Married,Business,0.204,0
LN6757,23,51892.77,Unemployed,629.0,11304.34,12,3,Mortgage,Married,Medical,0.244,0
LN6758,26,35596.55,Salaried,573.0,26455.8,12,0,Mortgage,Single,Medical,0.812,0
LN6759,29,45111.35,Self-Employed,667.0,46912.41,48,0,Rent,Married,Debt Consolidation,0.924,0
LN6760,26,105548.67,Salaried,814.0,7460.64,60,4,Mortgage,Married,Home Improvement,0.058,0
LN6761,29,52518.58,Salaried,689.0,17238.14,36,3,Own,Single,Business,0.318,0
LN6762,59,34497.29,Salaried,699.0,6961.6,36,0,Mortgage,Single,Medical,0.205,0
LN6763,51,26840.13,Business Owner,760.0,18051.5,12,2,Mortgage,Single,Other,0.559,0
LN6764,52,63114.27,Unemployed,693.0,8375.71,36,3,Rent,Married,Home Improvement,0.16,0
LN6765,61,54063.94,Unemployed,580.0,27637.5,12,1,Mortgage,Married,Medical,0.497,1
LN6766,32,69390.85,Salaried,493.0,12580.82,36,1,Rent,Married,Other,0.228,0
LN6767,28,23597.3,Business Owner,567.0,13737.54,60,2,Rent,Single,Medical,0.511,1
LN6768,28,27278.93,Self-Employed,551.0,35549.06,24,2,Rent,Divorced,Home Improvement,1.08,1
LN6769,48,86980.53,Salaried,709.0,8605.86,48,0,Rent,Married,Debt Consolidation,0.103,0
LN6770,40,57853.59,Salaried,722.0,20148.91,12,0,Own,Single,Business,0.312,0
LN6771,27,64003.97,Salaried,666.0,9135.54,24,0,Rent,Single,Home Improvement,0.181,0
LN6772,31,30292.53,Unemployed,536.0,27385.76,12,2,Rent,Single,Home Improvement,0.728,1
LN6773,40,30016.62,Self-Employed,811.0,39028.73,24,1,Rent,Divorced,Medical,1.308,0
LN6774,36,80469.16,Self-Employed,613.0,11410.12,24,0,Rent,Single,Other,0.179,0
LN6775,24,82387.49,Salaried,704.0,3581.53,24,1,Rent,Single,Home Improvement,0.043,0
LN6776,26,28448.2,Self-Employed,654.0,8840.67,36,2,Rent,Single,Business,0.263,0
LN6777,42,25856.43,Salaried,669.0,57502.39,24,0,Rent,Married,Debt Consolidation,1.48,0
LN6778,46,46430.11,Salaried,701.0,9364.97,36,3,Own,Single,Other,0.212,1
LN6779,23,32870.33,Self-Employed,587.0,38662.01,60,3,Mortgage,Single,Debt Consolidation,1.05,1
LN6780,61,32529.79,Salaried,767.0,9285.68,36,4,Mortgage,Married,Debt Consolidation,0.295,0
LN6781,62,26220.87,Business Owner,508.0,9149.0,24,0,Mortgage,Married,Business,0.425,0
LN6782,34,38784.78,Salaried,557.0,21322.38,24,0,Rent,Married,Medical,0.68,0
LN6783,31,27519.57,Self-Employed,766.0,19842.96,48,2,Rent,Married,Other,0.595,0
LN6784,38,28347.65,Salaried,703.0,22276.88,36,2,Rent,Married,Other,0.692,0
LN6785,32,56908.27,Self-Employed,850.0,13399.15,36,0,Rent,Married,Business,0.221,0
LN6786,43,47686.37,Salaried,656.0,24850.08,12,1,Mortgage,Married,Other,0.572,1
LN6787,32,62469.85,Salaried,803.0,23787.13,36,1,Rent,Single,Home Improvement,0.373,0
LN6788,33,21493.02,Unemployed,483.0,26619.97,24,3,Mortgage,Married,Education,1.48,1
LN6789,45,49263.58,Salaried,523.0,9189.94,60,1,Mortgage,Single,Education,0.216,1
LN6790,39,138388.3,Business Owner,731.0,24839.18,48,1,Own,Single,Education,0.153,0
LN6791,56,40695.13,Unemployed,493.0,9771.24,12,2,Rent,Divorced,Debt Consolidation,0.267,1
LN6792,28,74041.02,Salaried,632.0,12157.96,36,0,Mortgage,Married,Other,0.141,0
LN6793,49,73718.08,Salaried,755.0,12009.15,24,2,Rent,Married,Business,0.151,0
LN6794,52,75553.73,Self-Employed,695.0,7340.32,36,1,Mortgage,Divorced,Other,0.086,0
LN6795,64,53280.77,Unemployed,651.0,4715.87,48,1,Own,Divorced,Business,0.078,0
LN6796,38,65058.56,Unemployed,610.0,27840.15,36,2,Mortgage,Married,Other,0.474,1
LN6797,26,69529.53,Salaried,668.0,8766.13,24,1,Mortgage,Married,Debt Consolidation,0.136,0
LN6798,38,67354.37,Business Owner,702.0,11363.44,24,1,Rent,Married,Home Improvement,0.15,0
LN6799,39,28037.3,Salaried,591.0,8617.67,48,0,Own,Single,Education,0.398,0
LN6800,42,20875.0,Unemployed,683.0,11453.0,36,0,Rent,Single,Education,0.555,1
LN6801,57,22543.64,Unemployed,747.0,9862.14,36,1,Rent,Married,Other,0.371,1
LN6802,52,42826.83,Salaried,630.0,28780.41,24,3,Rent,Single,Debt Consolidation,0.578,0
LN6803,61,65970.53,Salaried,656.0,9374.02,24,0,Mortgage,Single,Education,0.155,1
LN6804,23,28220.23,Salaried,694.0,37374.07,60,2,Rent,Single,Other,1.48,1
LN6805,48,77806.89,Salaried,700.0,26464.59,36,2,Mortgage,Single,Medical,0.369,0
LN6806,30,38134.03,Business Owner,729.0,10050.04,36,3,Own,Divorced,Other,0.336,0
LN6807,55,38315.98,Salaried,559.0,16185.76,36,2,Own,Married,Business,0.432,0
LN6808,49,32271.72,Salaried,602.0,18244.3,48,1,Rent,Married,Education,0.575,0
LN6809,35,19103.12,Salaried,606.0,22136.08,24,0,Own,Divorced,Education,1.217,0
LN6810,53,54976.28,Unemployed,569.0,23488.83,24,1,Mortgage,Divorced,Medical,0.491,1
LN6811,27,115420.11,Self-Employed,488.0,14942.72,36,2,Own,Married,Home Improvement,0.127,0
LN6812,32,47508.68,Salaried,357.0,7535.24,36,0,Mortgage,Divorced,Other,0.195,1
LN6813,50,19432.15,Salaried,758.0,19624.48,48,4,Own,Married,Home Improvement,0.823,0
LN6814,41,72415.19,Unemployed,510.0,11592.3,48,2,Rent,Single,Other,0.163,0
LN6815,51,21755.05,Business Owner,791.0,2506.08,24,2,Mortgage,Single,Medical,0.122,0
LN6816,44,26781.93,Salaried,717.0,16884.77,12,3,Rent,Married,Home Improvement,0.696,1
LN6817,40,43513.69,Salaried,613.0,8600.14,60,1,Rent,Married,Debt Consolidation,0.185,1
LN6818,57,52126.13,Salaried,705.0,10147.34,36,3,Rent,Married,Medical,0.197,0
LN6819,24,29604.1,Salaried,688.0,13408.08,36,0,Mortgage,Married,Other,0.472,0
LN6820,48,42673.87,Self-Employed,551.0,5259.61,36,5,Rent,Single,Business,0.141,1
LN6821,64,70093.21,Unemployed,649.0,14522.07,36,1,Mortgage,Single,Business,0.246,0
LN6822,40,75063.48,Salaried,562.0,11047.68,24,2,Mortgage,Married,Business,0.172,0
LN6823,44,91649.63,Business Owner,709.0,7892.5,48,0,Rent,Single,Other,0.084,0
LN6824,52,127351.89,Salaried,586.0,13735.58,48,0,Rent,Married,Education,0.14,0
LN6825,61,73492.94,Self-Employed,641.0,4845.87,36,1,Rent,Married,Medical,0.081,0
LN6826,56,43986.22,Self-Employed,637.0,13979.9,36,0,Rent,Married,Medical,0.296,0
LN6827,54,75331.74,Salaried,661.0,17718.41,12,1,Own,Single,Home Improvement,0.211,0
LN6828,56,61905.12,Salaried,800.0,16044.95,12,2,Rent,Married,Medical,0.248,0
LN6829,22,63144.66,Self-Employed,628.0,21446.8,24,0,Own,Married,Medical,0.349,1
LN6830,35,53562.76,Salaried,760.0,26881.98,24,1,Mortgage,Divorced,Home Improvement,0.615,0
LN6831,54,31069.22,Salaried,693.0,12723.31,60,2,Rent,Married,Medical,0.487,0
LN6832,56,29317.85,Salaried,778.0,25777.82,48,1,Rent,Married,Medical,1.078,0
LN6833,26,46697.27,Unemployed,620.0,12694.81,36,4,Own,Single,Debt Consolidation,0.254,0
LN6834,59,52809.96,Salaried,713.0,8780.81,36,3,Own,Married,Other,0.182,0
LN6835,62,34901.31,Business Owner,645.0,10554.94,24,3,Own,Divorced,Home Improvement,0.285,1
LN6836,32,60577.02,Salaried,381.0,15680.71,60,0,Mortgage,Single,Debt Consolidation,0.221,1
LN6837,23,138743.61,Business Owner,552.0,25619.44,24,1,Rent,Single,Education,0.211,0
LN6838,38,20492.92,Self-Employed,702.0,13371.46,12,1,Rent,Single,Home Improvement,0.569,0
LN6839,60,65586.31,Business Owner,696.0,8917.81,36,3,Rent,Married,Other,0.154,0
LN6840,41,47430.12,Salaried,533.0,31778.84,48,3,Rent,Married,Medical,0.753,1
LN6841,35,61409.99,Self-Employed,670.0,5648.3,48,2,Mortgage,Single,Medical,0.111,0
LN6842,53,39523.18,Self-Employed,695.0,8952.4,12,6,Own,Divorced,Debt Consolidation,0.197,0
LN6843,55,45568.41,Salaried,647.0,22826.34,48,1,Own,Married,Debt Consolidation,0.597,0
LN6844,46,52299.93,Salaried,716.0,38556.28,24,0,Rent,Single,Education,0.958,0
LN6845,28,42158.14,Salaried,703.0,17825.92,12,0,Rent,Single,Education,0.518,0
LN6846,56,22919.18,Salaried,647.0,15520.74,48,0,Rent,Single,Other,0.796,0
LN6847,50,43610.03,Business Owner,604.0,11220.31,48,2,Mortgage,Married,Medical,0.291,0
LN6848,43,24143.81,Salaried,744.0,18561.46,36,4,Mortgage,Single,Business,0.777,0
LN6849,62,67954.7,Salaried,692.0,14438.02,36,1,Rent,Married,Education,0.248,0
LN6850,64,19287.79,Self-Employed,526.0,8495.41,48,0,Own,Married,Medical,0.512,1
LN6851,34,81987.92,Salaried,670.0,11098.93,48,2,Rent,Married,Education,0.151,0
LN6852,34,60765.74,Salaried,546.0,7938.92,48,0,Mortgage,Single,Home Improvement,0.157,0
LN6853,22,60882.09,Salaried,563.0,13469.31,36,0,Own,Married,Debt Consolidation,0.227,0
LN6854,57,16611.41,Unemployed,591.0,14722.08,60,1,Rent,Married,Medical,0.763,0
LN6855,25,41593.55,Business Owner,654.0,35618.84,60,1,Mortgage,Single,Education,0.924,0
LN6856,58,87271.72,Business Owner,684.0,9335.33,12,1,Rent,Single,Debt Consolidation,0.1,0
LN6857,61,37823.88,Salaried,613.0,11986.47,48,1,Rent,Married,Business,0.314,0
LN6858,34,28594.48,Business Owner,617.0,28438.77,36,3,Mortgage,Married,Education,0.804,0
LN6859,59,47508.68,Salaried,605.0,39460.43,24,1,Rent,Single,Medical,1.097,1
LN6860,45,47375.53,Salaried,744.0,17762.18,36,1,Mortgage,Married,Home Improvement,0.452,0
LN6861,40,32026.37,Salaried,393.0,11474.27,12,2,Mortgage,Married,Debt Consolidation,0.384,1
LN6862,22,90844.87,Self-Employed,622.0,10058.66,36,1,Rent,Divorced,Debt Consolidation,0.089,0
LN6863,59,47461.13,Salaried,789.0,4421.17,48,1,Mortgage,Single,Home Improvement,0.096,0
LN6864,26,37131.29,Salaried,697.0,7656.72,24,1,Own,Married,Medical,0.195,0
LN6865,37,25573.92,Salaried,764.0,14199.15,36,0,Rent,Single,Other,0.577,0
LN6866,45,62456.36,Salaried,467.0,11984.97,60,2,Mortgage,Married,Business,0.192,0
LN6867,48,61749.01,Self-Employed,538.0,19419.73,36,0,Rent,Married,Other,0.398,1
LN6868,22,32987.88,Salaried,696.0,11883.17,24,2,Rent,Single,Home Improvement,0.296,0
LN6869,55,16023.88,Self-Employed,790.0,8641.8,36,1,Mortgage,Married,Business,0.616,0
LN6870,57,60197.2,Salaried,547.0,16396.23,36,2,Mortgage,Single,Medical,0.334,0
LN6871,25,44649.5,Business Owner,615.0,60063.59,36,0,Mortgage,Married,Education,1.48,1
LN6872,21,57990.56,Self-Employed,686.0,11043.42,48,2,Mortgage,Single,Education,0.169,1
LN6873,60,130429.39,Salaried,519.0,14520.73,36,3,Rent,Married,Other,0.119,0
LN6874,32,48367.53,Salaried,697.0,22206.83,48,2,Rent,Single,Medical,0.377,0
LN6875,56,37914.19,Self-Employed,409.0,9480.85,36,0,Own,Married,Business,0.262,1
LN6876,43,27621.2,Business Owner,694.0,28671.38,24,1,Rent,Married,Other,0.895,1
LN6877,51,41931.35,Salaried,560.0,5180.08,36,0,Rent,Married,Home Improvement,0.151,0
LN6878,31,53118.93,Salaried,610.0,10460.52,48,2,Mortgage,Single,Other,0.169,0
LN6879,30,50344.96,Business Owner,709.0,11084.11,36,3,Rent,Married,Medical,0.233,1
LN6880,23,116044.92,Self-Employed,690.0,14628.03,12,1,Rent,Single,Medical,0.134,0
LN6881,34,62915.18,Salaried,649.0,4093.32,24,1,Mortgage,Married,Education,0.084,0
LN6882,36,45825.66,Salaried,737.0,30080.85,24,1,Mortgage,Married,Home Improvement,0.74,0
LN6883,30,34431.24,Salaried,497.0,17129.04,24,4,Rent,Married,Education,0.47,1
LN6884,49,56012.85,Self-Employed,668.0,26204.83,36,1,Mortgage,Married,Business,0.431,0
LN6885,30,31147.71,Salaried,579.0,35165.52,12,1,Mortgage,Single,Business,0.976,1
LN6886,32,53632.77,Unemployed,733.0,8566.9,48,0,Rent,Married,Debt Consolidation,0.188,0
LN6887,50,62549.09,Salaried,712.0,2991.07,24,1,Rent,Single,Medical,0.055,0
LN6888,61,43992.48,Salaried,715.0,26577.48,24,1,Mortgage,Divorced,Home Improvement,0.668,0
LN6889,21,35769.71,Self-Employed,798.0,11250.53,36,2,Own,Divorced,Home Improvement,0.258,0
LN6890,25,16438.01,Unemployed,751.0,6768.93,24,0,Mortgage,Married,Education,0.486,1
LN6891,40,86848.31,Business Owner,636.0,18878.52,48,1,Mortgage,Divorced,Other,0.244,0
LN6892,28,59973.03,Salaried,650.0,58579.15,12,1,Mortgage,Single,Other,1.252,0
LN6893,63,60706.66,Self-Employed,704.0,12514.66,36,0,Mortgage,Divorced,Education,0.225,0
LN6894,32,22456.24,Self-Employed,662.0,23639.39,48,1,Own,Single,Other,1.002,0
LN6895,21,97725.65,Salaried,713.0,7387.16,36,2,Mortgage,Married,Home Improvement,0.075,0
LN6896,40,38847.21,Salaried,449.0,4855.88,24,2,Mortgage,Married,Education,0.111,1
LN6897,48,42429.64,Salaried,819.0,23117.94,36,2,Mortgage,Single,Other,0.633,0
LN6898,63,28720.22,Salaried,655.0,18539.22,48,1,Mortgage,Single,Debt Consolidation,0.745,0
LN6899,57,20060.88,Unemployed,504.0,10102.91,60,3,Mortgage,Single,Medical,0.453,1
LN6900,57,87436.94,Salaried,568.0,37187.63,48,3,Rent,Divorced,Debt Consolidation,0.374,0
LN6901,32,93274.19,Unemployed,458.0,4634.61,24,1,Own,Single,Other,0.042,0
LN6902,57,45127.0,Salaried,552.0,6386.76,60,0,Rent,Married,Business,0.178,0
LN6903,64,34902.29,Self-Employed,637.0,9645.82,12,1,Rent,Married,Home Improvement,0.253,0
LN6904,48,40598.16,Salaried,786.0,10787.7,12,0,Mortgage,Single,Debt Consolidation,0.258,0
LN6905,35,41158.78,Salaried,687.0,32183.62,48,1,Rent,Married,Debt Consolidation,0.735,1
LN6906,26,26905.07,Salaried,671.0,13759.97,24,0,Own,Married,Education,0.515,0
LN6907,64,42356.3,Salaried,548.0,11899.21,12,2,Mortgage,Single,Education,0.325,0
LN6908,40,52920.76,Self-Employed,576.0,6235.39,24,1,Mortgage,Married,Education,0.146,0
LN6909,34,81558.73,Salaried,583.0,25641.83,36,2,Own,Single,Other,0.28,0
LN6910,22,49371.18,Business Owner,586.0,6754.85,48,2,Mortgage,Single,Business,0.156,0
LN6911,29,22288.46,Salaried,618.0,6218.18,36,0,Mortgage,Married,Debt Consolidation,0.272,0
LN6912,57,58499.53,Salaried,625.0,10507.51,24,1,Rent,Married,Medical,0.232,0
LN6913,40,43132.62,Salaried,619.0,14734.05,36,2,Rent,Divorced,Education,0.324,0
LN6914,46,97266.01,Unemployed,590.0,8672.52,60,0,Own,Divorced,Business,0.072,0
LN6915,49,100180.51,Self-Employed,662.0,20418.78,48,1,Mortgage,Married,Other,0.216,0
LN6916,21,101948.92,Salaried,622.0,11273.55,24,2,Mortgage,Single,Business,0.097,0
LN6917,55,37019.72,Salaried,506.0,25126.07,60,1,Mortgage,Single,Education,0.558,1
LN6918,26,132578.15,Salaried,653.0,18089.13,48,1,Rent,Single,Home Improvement,0.157,0
LN6919,57,58423.37,Unemployed,639.0,39139.51,12,0,Mortgage,Married,Debt Consolidation,0.781,0
LN6920,25,110546.35,Self-Employed,508.0,10246.2,12,0,Own,Married,Education,0.095,0
LN6921,53,38127.47,Salaried,597.0,22167.5,24,0,Rent,Single,Medical,0.662,0
LN6922,34,42222.21,Self-Employed,704.0,4572.95,48,3,Rent,Single,Debt Consolidation,0.116,0
LN6923,32,56219.2,Salaried,548.0,75734.96,24,1,Mortgage,Married,Business,1.48,1
LN6924,62,52888.37,Unemployed,538.0,21512.04,36,2,Mortgage,Single,Medical,0.447,1
LN6925,40,91803.52,Salaried,621.0,11183.73,12,0,Own,Married,Debt Consolidation,0.138,0
LN6926,44,43648.99,Self-Employed,706.0,11436.04,60,3,Own,Married,Medical,0.236,0
LN6927,63,87755.3,Salaried,813.0,11519.38,24,0,Own,Married,Business,0.123,0
LN6928,54,70694.09,Self-Employed,709.0,40296.58,60,1,Mortgage,Single,Education,0.581,0
LN6929,45,44059.84,Business Owner,748.0,22905.44,60,0,Rent,Divorced,Medical,0.532,0
LN6930,49,68005.12,Self-Employed,681.0,10239.51,12,2,Mortgage,Single,Education,0.179,0
LN6931,59,38691.2,Self-Employed,588.0,6353.18,36,0,Own,Divorced,Business,0.162,0
LN6932,51,158752.7,Business Owner,709.0,27382.59,12,1,Mortgage,Single,Business,0.152,0
LN6933,63,15000.0,Salaried,642.0,22095.5,60,5,Mortgage,Divorced,Medical,1.364,1
LN6934,43,68629.08,Salaried,684.0,20410.86,36,0,Rent,Married,Medical,0.27,0
LN6935,64,20286.32,Salaried,565.0,12705.03,12,1,Mortgage,Single,Business,0.73,1
LN6936,58,50438.32,Unemployed,692.0,11161.54,12,1,Mortgage,Married,Medical,0.264,0
LN6937,40,46966.79,Salaried,639.0,36722.1,24,1,Mortgage,Married,Medical,0.903,0
LN6938,43,50642.455,Self-Employed,671.0,38830.51,60,2,Own,Single,Medical,0.376,0
LN6939,36,34680.19,Self-Employed,642.0,19615.49,36,2,Own,Single,Other,0.704,0
LN6940,62,94278.27,Salaried,625.0,23906.47,48,1,Own,Married,Medical,0.328,0
LN6941,28,27189.65,Salaried,694.0,15392.86,24,2,Mortgage,Married,Debt Consolidation,0.642,1
LN6942,41,96118.29,Salaried,613.0,5872.34,12,1,Own,Married,Business,0.075,0
LN6943,21,38670.31,Salaried,507.0,7421.63,60,4,Mortgage,Married,Business,0.202,0
LN6944,28,50854.16,Salaried,481.0,26574.55,12,2,Rent,Married,Home Improvement,0.662,0
LN6945,49,41432.08,Salaried,667.0,28687.68,60,0,Rent,Married,Education,0.842,1
LN6946,52,93076.94,Business Owner,610.0,25146.56,24,3,Rent,Married,Home Improvement,0.35,0
LN6947,58,84446.2,Unemployed,494.0,16442.61,12,3,Rent,Single,Medical,0.216,1
LN6948,25,61190.72,Salaried,660.0,25713.7,36,1,Mortgage,Divorced,Medical,0.5,1
LN6949,42,27558.49,Salaried,642.0,12901.74,60,1,Rent,Single,Debt Consolidation,0.502,0
LN6950,54,34285.89,Salaried,605.0,19396.23,60,1,Mortgage,Single,Debt Consolidation,0.526,0
LN6951,21,29310.81,Self-Employed,672.0,11815.77,24,0,Mortgage,Married,Debt Consolidation,0.394,0
LN6952,46,15929.51,Business Owner,768.0,7086.37,24,0,Mortgage,Married,Debt Consolidation,0.555,0
LN6953,63,92102.66,Salaried,766.0,22443.21,36,2,Own,Single,Debt Consolidation,0.202,0
LN6954,30,41609.69,Salaried,663.0,28712.12,36,3,Rent,Single,Debt Consolidation,0.756,0
LN6955,50,41388.28,Business Owner,642.0,58945.89,48,0,Own,Married,Debt Consolidation,1.405,1
LN6956,38,103574.98,Self-Employed,664.0,15652.99,24,2,Mortgage,Divorced,Debt Consolidation,0.15,0
LN6957,37,38638.55,Salaried,678.0,7124.64,60,0,Mortgage,Married,Other,0.229,0
LN6958,46,32201.38,Self-Employed,626.0,10970.18,36,0,Own,Married,Debt Consolidation,0.418,0
LN6959,28,43810.43,Salaried,666.0,12313.67,48,1,Own,Single,Business,0.309,0
LN6960,60,27824.31,Salaried,508.0,14604.7,36,3,Own,Single,Debt Consolidation,0.492,1
LN6961,32,58231.28,Business Owner,657.0,17721.36,36,0,Mortgage,Single,Education,0.316,0
LN6962,47,40666.87,Business Owner,693.0,16610.36,60,1,Rent,Single,Debt Consolidation,0.41,0
LN6963,28,38038.89,Salaried,606.0,21295.46,36,1,Mortgage,Married,Other,0.547,0
LN6964,45,36426.38,Unemployed,641.0,15039.78,48,4,Own,Single,Medical,0.352,0
LN6965,24,46485.2,Salaried,550.0,3515.1,60,0,Rent,Single,Other,0.081,1
LN6966,53,51110.26,Business Owner,537.0,15310.29,36,0,Rent,Married,Other,0.285,0
LN6967,21,37798.04,Salaried,669.0,14073.35,36,0,Own,Divorced,Medical,0.421,0
LN6968,39,40970.89,Business Owner,584.0,18585.93,12,1,Mortgage,Divorced,Debt Consolidation,0.435,0
LN6969,51,47062.82,Unemployed,490.0,10754.83,12,2,Rent,Married,Debt Consolidation,0.232,1
LN6970,36,44747.5,Salaried,550.0,15277.18,24,1,Own,Single,Medical,0.282,0
LN6971,34,49788.43,Unemployed,563.0,18652.68,24,1,Mortgage,Married,Education,0.486,1
LN6972,25,34949.68,Business Owner,720.0,12136.52,24,2,Own,Single,Home Improvement,0.366,0
LN6973,61,81007.45,Business Owner,666.0,20040.74,24,1,Rent,Married,Business,0.201,0
LN6974,46,51452.49,Salaried,572.0,13933.83,24,0,Rent,Married,Medical,0.29,1
LN6975,48,38104.08,Business Owner,597.0,14676.39,36,1,Rent,Married,Debt Consolidation,0.476,0
LN6976,22,58232.1,Business Owner,768.0,2313.17,12,1,Mortgage,Divorced,Business,0.047,0
LN6977,26,47231.47,Salaried,734.0,6725.54,12,1,Mortgage,Married,Debt Consolidation,0.164,0
LN6978,29,20600.83,Unemployed,549.0,6736.53,36,2,Own,Married,Home Improvement,0.284,1
LN6979,53,58132.28,Salaried,755.0,15211.38,36,1,Rent,Single,Home Improvement,0.295,0
LN6980,61,29444.04,Salaried,643.0,28652.59,36,1,Rent,Divorced,Medical,1.151,0
LN6981,45,78214.78,Salaried,722.0,12443.47,36,0,Mortgage,Single,Business,0.173,0
LN6982,33,43439.53,Self-Employed,635.0,22225.13,48,2,Rent,Divorced,Other,0.638,1
LN6983,29,72405.33,Self-Employed,757.0,19711.38,36,0,Own,Single,Business,0.255,0
LN6984,33,35770.93,Salaried,546.0,14529.5,36,3,Mortgage,Single,Other,0.374,1
LN6985,51,50765.11,Unemployed,627.0,18852.22,60,1,Rent,Married,Home Improvement,0.459,1
LN6986,61,89780.38,Salaried,759.0,15484.06,48,1,Mortgage,Single,Debt Consolidation,0.192,0
LN6987,31,42851.32,Salaried,435.0,12266.55,36,3,Mortgage,Married,Other,0.229,1
LN6988,24,36482.63,Salaried,646.0,16892.89,36,1,Own,Single,Other,0.452,0
LN6989,54,68017.5,Self-Employed,615.0,31824.09,24,0,Rent,Divorced,Medical,0.575,0
LN6990,58,67361.63,Unemployed,712.0,17741.28,36,1,Rent,Married,Education,0.214,0
LN6991,24,37258.13,Self-Employed,646.0,15226.35,60,1,Rent,Married,Home Improvement,0.328,0
LN6992,58,18165.32,Business Owner,716.0,7891.41,36,1,Rent,Single,Other,0.409,0
LN6993,39,36133.96,Salaried,672.0,31242.2,60,0,Mortgage,Single,Home Improvement,1.087,0
LN6994,26,68780.79,Salaried,654.0,5743.19,36,1,Mortgage,Married,Medical,0.104,0
LN6995,54,33272.38,Salaried,619.0,4799.96,60,2,Rent,Single,Debt Consolidation,0.153,0
LN6996,38,48753.44,Salaried,669.0,16695.2,36,1,Mortgage,Single,Business,0.369,0
LN6997,33,35286.56,Salaried,646.0,7875.75,12,1,Rent,Married,Home Improvement,0.216,0
LN6998,61,18655.88,Self-Employed,575.0,25679.79,36,1,Rent,Married,Medical,1.269,1
LN6999,43,34970.47,Salaried,614.0,4864.78,24,3,Rent,Single,Medical,0.168,1
